Workbook

Sheet README
A1: Spread synthetic roguelite item test data
A3: Generated rows | B3: 5000 | D3: Rarity | E3: Count
A4: Main table | B4: Items!A1:AN5001 | D4: Common | E4: =COUNTIF(Items!$D$2:$D$5001,D4) -> 2179
A5: Fixture sheet | B5: CellTypeFixtures | D5: Uncommon | E5: =COUNTIF(Items!$D$2:$D$5001,D5) -> 1244
A6: Rarity values | B6: Common, Uncommon, Rare, Epic, Legendary, Cursed, Relic | D6: Rare | E6: =COUNTIF(Items!$D$2:$D$5001,D6) -> 750
A7: Contains booleans | B7: TRUE/FALSE columns F and R:V; formula boolean in AN | D7: Epic | E7: =COUNTIF(Items!$D$2:$D$5001,D7) -> 434
A8: Contains formulas | B8: AD:AJ and AN in Items; B9:B16 in CellTypeFixtures | D8: Legendary | E8: =COUNTIF(Items!$D$2:$D$5001,D8) -> 184
A9: Contains string formulas | B9: AH and AJ in Items; B10 in CellTypeFixtures | D9: Cursed | E9: =COUNTIF(Items!$D$2:$D$5001,D9) -> 163
A10: Contains merged cells | B10: README!A1:H1 and CellTypeFixtures!A1:H1/A3:B3 | D10: Relic | E10: =COUNTIF(Items!$D$2:$D$5001,D10) -> 46
A11: Contains XML fixtures | B11: shared formula, shared string, inline string
A12: Seed | B12: 20260703

Sheet Items
A1: id | B1: item_name | C1: item_description | D1: rarity | E1: price | F1: applies_to_character | G1: icon_index | H1: damage_modifier | I1: hp_modifier | J1: projectile_size_modifier | K1: range_modifier | L1: shot_speed_modifier | M1: player_speed_modifier | N1: luck_modifier | O1: knockback_modifier | P1: minimum_level | Q1: maximum_level | R1: is_breakable | S1: is_poisonable | T1: can_explode | U1: is_freezable | V1: is_movable | W1: element_affinity | X1: item_category | Y1: spawn_pool | Z1: weight | AA1: synergy_tags | AB1: script_hook | AC1: internal_note | AD1: tier_score | AE1: computed_price | AF1: level_span | AG1: description_length | AH1: loot_bucket | AI1: has_negative_modifier | AJ1: tuning_warning | AK1: literal_formula_like_text | AL1: optional_upgrade_id | AM1: last_tuned_at | AN1: min_max_valid
A2: itm_00001 | B2: Cracked Rocket of the Glass Moon | C2: A uncommon active that nudges coins only when the room is clear. Generated test item #0001; element=Rust; pool=Shop. | D2: Uncommon | E2: 33 | F2: FALSE | G2: 1269 | H2: 0 | I2: 0 | J2: 0.17 | K2: 0 | L2: 0 | M2: 0.17 | N2: 0 | O2: 0 | P2: 4 | Q2: 8 | R2: FALSE | S2: FALSE | T2: FALSE | U2: FALSE | V2: TRUE | W2: Rust | X2: Active | Y2: Shop | Z2: 2.865 | AA2: rust | AB2: scr_item_cracked_rocket_of_the_glass_moon | AC2: seed=20260703; class_filter=Witch; parser_note=row_1 | AD2: =ROUND(ABS(H2)*8+ABS(I2)*1.5+ABS(J2)*3+ABS(K2)*2+ABS(L2)*2+ABS(M2)*2+ABS(N2)*2+ABS(O2)*2+IF(D2="Legendary",10,IF(D2="Relic",12,IF(D2="Epic",7,IF(D2="Rare",4,IF(D2="Uncommon",2,IF(D2="Cursed",5,1)))))),2) -> 2.85 | AE2: =MAX(0,ROUND(E2*(1+AD2/25)+IF(R2,2,0)+IF(T2,4,0),0)) -> 37 | AF2: =Q2-P2+1 -> 5 | AG2: =LEN(C2) -> 116 | AH2: =IF(D2="Legendary","boss-vault",IF(D2="Relic","secret-room",IF(D2="Cursed","curse-room",IF(AD2>12,"rare-chest","standard")))) -> standard | AI2: =OR(H2<0,I2<0,J2<0,K2<0,L2<0,M2<0,N2<0,O2<0) -> FALSE | AJ2: =IF(AND(P2<=Q2,AE2>=0,AF2>0),IF(OR(AD2>18,AND(D2="Common",AD2>10),AND(D2="Legendary",AE2<80)),"review: balance outlier",IF(AND(R2,T2,U2),"review: volatile physics",IF(COUNTIF(AA2,"*fire*")+COUNTIF(AA2,"*poison*")+COUNTIF(AA2,"*ice*")>=2,"review: multi-status synergy","ok"))),"invalid: level/price") -> ok | AK2: =not_a_formula_0001 | AM2: 46168 | AN2: =P2<=Q2 -> TRUE
A3: itm_00002 | B3: Static Anchor of Soft Explosions | C3: A uncommon weaponmod that amplifies doors if the player keeps moving. Generated test item #0002; element=Ice; pool=Shop. | D3: Uncommon | E3: 29 | F3: FALSE | G3: 1331 | H3: 0 | I3: 1 | J3: 0 | K3: 0 | L3: 0 | M3: 0 | N3: 2.12 | O3: 0 | P3: 7 | Q3: 9 | R3: FALSE | S3: TRUE | T3: FALSE | U3: FALSE | V3: TRUE | W3: Ice | X3: WeaponMod | Y3: Shop | Z3: 1.561 | AA3: ice,poisonable | AB3: scr_item_static_anchor_of_soft_explosions | AC3: seed=20260703; class_filter=Monk; parser_note=row_2 | AD3: =ROUND(ABS(H3)*8+ABS(I3)*1.5+ABS(J3)*3+ABS(K3)*2+ABS(L3)*2+ABS(M3)*2+ABS(N3)*2+ABS(O3)*2+IF(D3="Legendary",10,IF(D3="Relic",12,IF(D3="Epic",7,IF(D3="Rare",4,IF(D3="Uncommon",2,IF(D3="Cursed",5,1)))))),2) -> 7.74 | AE3: =MAX(0,ROUND(E3*(1+AD3/25)+IF(R3,2,0)+IF(T3,4,0),0)) -> 38 | AF3: =Q3-P3+1 -> 3 | AG3: =LEN(C3) -> 120 | AH3: =IF(D3="Legendary","boss-vault",IF(D3="Relic","secret-room",IF(D3="Cursed","curse-room",IF(AD3>12,"rare-chest","standard")))) -> standard | AI3: =OR(H3<0,I3<0,J3<0,K3<0,L3<0,M3<0,N3<0,O3<0) -> FALSE | AJ3: =IF(AND(P3<=Q3,AE3>=0,AF3>0),IF(OR(AD3>18,AND(D3="Common",AD3>10),AND(D3="Legendary",AE3<80)),"review: balance outlier",IF(AND(R3,T3,U3),"review: volatile physics",IF(COUNTIF(AA3,"*fire*")+COUNTIF(AA3,"*poison*")+COUNTIF(AA3,"*ice*")>=2,"review: multi-status synergy","ok"))),"invalid: level/price") -> review: multi-status synergy | AK3: =not_a_formula_0002 | AM3: 46027 | AN3: =P3<=Q3 -> TRUE
A4: itm_00003 | B4: Glass Candle of the Basement | C4: A common consumable that spoils doors while lowering control. Generated test item #0003; element=None; pool=Treasure. | D4: Common | E4: 18 | F4: TRUE | G4: 1161 | H4: 0 | I4: 0 | J4: 0 | K4: 0 | L4: 0 | M4: 0.21 | N4: 2.48 | O4: -0.16 | P4: 3 | Q4: 5 | R4: TRUE | S4: TRUE | T4: FALSE | U4: TRUE | V4: TRUE | W4: None | X4: Consumable | Y4: Treasure | Z4: 1.527 | AA4: poisonable | AB4: scr_item_glass_candle_of_the_basement | AC4: seed=20260703; class_filter=Alchemist; parser_note=row_3 | AD4: =ROUND(ABS(H4)*8+ABS(I4)*1.5+ABS(J4)*3+ABS(K4)*2+ABS(L4)*2+ABS(M4)*2+ABS(N4)*2+ABS(O4)*2+IF(D4="Legendary",10,IF(D4="Relic",12,IF(D4="Epic",7,IF(D4="Rare",4,IF(D4="Uncommon",2,IF(D4="Cursed",5,1)))))),2) -> 6.7 | AE4: =MAX(0,ROUND(E4*(1+AD4/25)+IF(R4,2,0)+IF(T4,4,0),0)) -> 25 | AF4: =Q4-P4+1 -> 3 | AG4: =LEN(C4) -> 117 | AH4: =IF(D4="Legendary","boss-vault",IF(D4="Relic","secret-room",IF(D4="Cursed","curse-room",IF(AD4>12,"rare-chest","standard")))) -> standard | AI4: =OR(H4<0,I4<0,J4<0,K4<0,L4<0,M4<0,N4<0,O4<0) -> TRUE | AJ4: =IF(AND(P4<=Q4,AE4>=0,AF4>0),IF(OR(AD4>18,AND(D4="Common",AD4>10),AND(D4="Legendary",AE4<80)),"review: balance outlier",IF(AND(R4,T4,U4),"review: volatile physics",IF(COUNTIF(AA4,"*fire*")+COUNTIF(AA4,"*poison*")+COUNTIF(AA4,"*ice*")>=2,"review: multi-status synergy","ok"))),"invalid: level/price") -> ok | AK4: =not_a_formula_0003 | AM4: 46196 | AN4: =P4<=Q4 -> TRUE
A5: itm_00004 | B5: Damp Lantern of the Glass Moon | C5: A cursed passive that spoils coins while lowering control. Generated test item #0004; element=None; pool=Treasure. | D5: Cursed | E5: 48 | F5: TRUE | G5: 193 | H5: 0 | I5: -1 | J5: -0.1 | K5: 0.63 | L5: 0 | M5: 0.3 | N5: 0 | O5: 0.75 | P5: 2 | Q5: 7 | R5: TRUE | S5: TRUE | T5: FALSE | U5: FALSE | V5: FALSE | W5: None | X5: Passive | Y5: Treasure | Z5: 3.294 | AA5: poisonable,cursed | AB5: scr_item_damp_lantern_of_the_glass_moon | AC5: seed=20260703; class_filter=Any; parser_note=row_4 | AD5: =ROUND(ABS(H5)*8+ABS(I5)*1.5+ABS(J5)*3+ABS(K5)*2+ABS(L5)*2+ABS(M5)*2+ABS(N5)*2+ABS(O5)*2+IF(D5="Legendary",10,IF(D5="Relic",12,IF(D5="Epic",7,IF(D5="Rare",4,IF(D5="Uncommon",2,IF(D5="Cursed",5,1)))))),2) -> 10.16 | AE5: =MAX(0,ROUND(E5*(1+AD5/25)+IF(R5,2,0)+IF(T5,4,0),0)) -> 70 | AF5: =Q5-P5+1 -> 6 | AG5: =LEN(C5) -> 114 | AH5: =IF(D5="Legendary","boss-vault",IF(D5="Relic","secret-room",IF(D5="Cursed","curse-room",IF(AD5>12,"rare-chest","standard")))) -> curse-room | AI5: =OR(H5<0,I5<0,J5<0,K5<0,L5<0,M5<0,N5<0,O5<0) -> TRUE | AJ5: =IF(AND(P5<=Q5,AE5>=0,AF5>0),IF(OR(AD5>18,AND(D5="Common",AD5>10),AND(D5="Legendary",AE5<80)),"review: balance outlier",IF(AND(R5,T5,U5),"review: volatile physics",IF(COUNTIF(AA5,"*fire*")+COUNTIF(AA5,"*poison*")+COUNTIF(AA5,"*ice*")>=2,"review: multi-status synergy","ok"))),"invalid: level/price") -> ok | AK5: =not_a_formula_0004 | AL5: upg_228 | AM5: 46062 | AN5: =P5<=Q5 -> TRUE
A6: itm_00005 | B6: Echoing Orb of Static | C6: A uncommon active that amplifies doors when luck disagrees. Generated test item #0005; element=Cosmic; pool=Treasure. | D6: Uncommon | E6: 29 | F6: TRUE | G6: 1430 | H6: 0 | I6: 1 | J6: 0.51 | K6: 0 | L6: 0 | M6: 0 | N6: 0 | O6: 0.97 | P6: 7 | Q6: 7 | R6: FALSE | S6: FALSE | T6: FALSE | U6: FALSE | V6: FALSE | W6: Cosmic | X6: Active | Y6: Treasure | Z6: 1.926 | AA6: cosmic | AB6: scr_item_echoing_orb_of_static | AC6: seed=20260703; class_filter=Witch; parser_note=row_5 | AD6: =ROUND(ABS(H6)*8+ABS(I6)*1.5+ABS(J6)*3+ABS(K6)*2+ABS(L6)*2+ABS(M6)*2+ABS(N6)*2+ABS(O6)*2+IF(D6="Legendary",10,IF(D6="Relic",12,IF(D6="Epic",7,IF(D6="Rare",4,IF(D6="Uncommon",2,IF(D6="Cursed",5,1)))))),2) -> 6.97 | AE6: =MAX(0,ROUND(E6*(1+AD6/25)+IF(R6,2,0)+IF(T6,4,0),0)) -> 37 | AF6: =Q6-P6+1 -> 1 | AG6: =LEN(C6) -> 117 | AH6: =IF(D6="Legendary","boss-vault",IF(D6="Relic","secret-room",IF(D6="Cursed","curse-room",IF(AD6>12,"rare-chest","standard")))) -> standard | AI6: =OR(H6<0,I6<0,J6<0,K6<0,L6<0,M6<0,N6<0,O6<0) -> FALSE | AJ6: =IF(AND(P6<=Q6,AE6>=0,AF6>0),IF(OR(AD6>18,AND(D6="Common",AD6>10),AND(D6="Legendary",AE6<80)),"review: balance outlier",IF(AND(R6,T6,U6),"review: volatile physics",IF(COUNTIF(AA6,"*fire*")+COUNTIF(AA6,"*poison*")+COUNTIF(AA6,"*ice*")>=2,"review: multi-status synergy","ok"))),"invalid: level/price") -> ok | AK6: =not_a_formula_0005 | AM6: 46179 | AN6: =P6<=Q6 -> TRUE
A7: itm_00006 | B7: Haunted Onion of Tiny Doom | C7: A uncommon active that duplicates hearts only when the room is clear. Generated test item #0006; element=Void; pool=Shop. | D7: Uncommon | E7: 23 | F7: TRUE | G7: 474 | H7: 0 | I7: 0 | J7: 0 | K7: 0.6 | L7: 0.01 | M7: 0.41 | N7: 0 | O7: 0 | P7: 9 | Q7: 10 | R7: FALSE | S7: FALSE | T7: FALSE | U7: TRUE | V7: TRUE | W7: Void | X7: Active | Y7: Shop | Z7: 1.54 | AA7: void | AB7: scr_item_haunted_onion_of_tiny_doom | AC7: seed=20260703; class_filter=Any; parser_note=row_6 | AD7: =ROUND(ABS(H7)*8+ABS(I7)*1.5+ABS(J7)*3+ABS(K7)*2+ABS(L7)*2+ABS(M7)*2+ABS(N7)*2+ABS(O7)*2+IF(D7="Legendary",10,IF(D7="Relic",12,IF(D7="Epic",7,IF(D7="Rare",4,IF(D7="Uncommon",2,IF(D7="Cursed",5,1)))))),2) -> 4.04 | AE7: =MAX(0,ROUND(E7*(1+AD7/25)+IF(R7,2,0)+IF(T7,4,0),0)) -> 27 | AF7: =Q7-P7+1 -> 2 | AG7: =LEN(C7) -> 121 | AH7: =IF(D7="Legendary","boss-vault",IF(D7="Relic","secret-room",IF(D7="Cursed","curse-room",IF(AD7>12,"rare-chest","standard")))) -> standard | AI7: =OR(H7<0,I7<0,J7<0,K7<0,L7<0,M7<0,N7<0,O7<0) -> FALSE | AJ7: =IF(AND(P7<=Q7,AE7>=0,AF7>0),IF(OR(AD7>18,AND(D7="Common",AD7>10),AND(D7="Legendary",AE7<80)),"review: balance outlier",IF(AND(R7,T7,U7),"review: volatile physics",IF(COUNTIF(AA7,"*fire*")+COUNTIF(AA7,"*poison*")+COUNTIF(AA7,"*ice*")>=2,"review: multi-status synergy","ok"))),"invalid: level/price") -> ok | AK7: =not_a_formula_0006 | AM7: 46051 | AN7: =P7<=Q7 -> TRUE
A8: itm_00007 | B8: Mossy Mask of Slippery Angles | C8: A common orbital that taxes hearts when luck disagrees. Generated test item #0007; element=Holy; pool=Library. | D8: Common | E8: 17 | F8: TRUE | G8: 1559 | H8: 0.69 | I8: 0 | J8: 0 | K8: 0.42 | L8: 0 | M8: 0 | N8: 0 | O8: 0 | P8: 7 | Q8: 8 | R8: FALSE | S8: FALSE | T8: FALSE | U8: TRUE | V8: TRUE | W8: Holy | X8: Orbital | Y8: Library | Z8: 3.46 | AA8: holy,companion | AB8: scr_item_mossy_mask_of_slippery_angles | AC8: seed=20260703; class_filter=Alchemist; parser_note=row_7 | AD8: =ROUND(ABS(H8)*8+ABS(I8)*1.5+ABS(J8)*3+ABS(K8)*2+ABS(L8)*2+ABS(M8)*2+ABS(N8)*2+ABS(O8)*2+IF(D8="Legendary",10,IF(D8="Relic",12,IF(D8="Epic",7,IF(D8="Rare",4,IF(D8="Uncommon",2,IF(D8="Cursed",5,1)))))),2) -> 7.36 | AE8: =MAX(0,ROUND(E8*(1+AD8/25)+IF(R8,2,0)+IF(T8,4,0),0)) -> 22 | AF8: =Q8-P8+1 -> 2 | AG8: =LEN(C8) -> 110 | AH8: =IF(D8="Legendary","boss-vault",IF(D8="Relic","secret-room",IF(D8="Cursed","curse-room",IF(AD8>12,"rare-chest","standard")))) -> standard | AI8: =OR(H8<0,I8<0,J8<0,K8<0,L8<0,M8<0,N8<0,O8<0) -> FALSE | AJ8: =IF(AND(P8<=Q8,AE8>=0,AF8>0),IF(OR(AD8>18,AND(D8="Common",AD8>10),AND(D8="Legendary",AE8<80)),"review: balance outlier",IF(AND(R8,T8,U8),"review: volatile physics",IF(COUNTIF(AA8,"*fire*")+COUNTIF(AA8,"*poison*")+COUNTIF(AA8,"*ice*")>=2,"review: multi-status synergy","ok"))),"invalid: level/price") -> ok | AK8: =not_a_formula_0007 | AL8: upg_034 | AM8: 46117 | AN8: =P8<=Q8 -> TRUE
A9: itm_00008 | B9: Feral Dice of Bad Ideas | C9: A cursed consumable that nudges bombs but attracts trouble. Generated test item #0008; element=Fire; pool=Treasure. | D9: Cursed | E9: 33 | F9: TRUE | G9: 104 | H9: 0 | I9: 0 | J9: 0 | K9: 0 | L9: 0 | M9: 0.28 | N9: 0 | O9: -0.34 | P9: 7 | Q9: 10 | R9: TRUE | S9: TRUE | T9: TRUE | U9: FALSE | V9: FALSE | W9: Fire | X9: Consumable | Y9: Treasure | Z9: 1.406 | AA9: fire,explosive,poisonable,cursed | AB9: scr_item_feral_dice_of_bad_ideas | AC9: seed=20260703; class_filter=Monk; parser_note=row_8 | AD9: =ROUND(ABS(H9)*8+ABS(I9)*1.5+ABS(J9)*3+ABS(K9)*2+ABS(L9)*2+ABS(M9)*2+ABS(N9)*2+ABS(O9)*2+IF(D9="Legendary",10,IF(D9="Relic",12,IF(D9="Epic",7,IF(D9="Rare",4,IF(D9="Uncommon",2,IF(D9="Cursed",5,1)))))),2) -> 6.24 | AE9: =MAX(0,ROUND(E9*(1+AD9/25)+IF(R9,2,0)+IF(T9,4,0),0)) -> 47 | AF9: =Q9-P9+1 -> 4 | AG9: =LEN(C9) -> 115 | AH9: =IF(D9="Legendary","boss-vault",IF(D9="Relic","secret-room",IF(D9="Cursed","curse-room",IF(AD9>12,"rare-chest","standard")))) -> curse-room | AI9: =OR(H9<0,I9<0,J9<0,K9<0,L9<0,M9<0,N9<0,O9<0) -> TRUE | AJ9: =IF(AND(P9<=Q9,AE9>=0,AF9>0),IF(OR(AD9>18,AND(D9="Common",AD9>10),AND(D9="Legendary",AE9<80)),"review: balance outlier",IF(AND(R9,T9,U9),"review: volatile physics",IF(COUNTIF(AA9,"*fire*")+COUNTIF(AA9,"*poison*")+COUNTIF(AA9,"*ice*")>=2,"review: multi-status synergy","ok"))),"invalid: level/price") -> review: multi-status synergy | AK9: =not_a_formula_0008 | AM9: 46131 | AN9: =P9<=Q9 -> TRUE
A10: itm_00009 | B10: Radiant Bell of Friendly Fire | C10: A rare weaponmod that reroutes reloads after every third hit. Generated test item #0009; element=None; pool=Cursed. | D10: Rare | E10: 54 | F10: TRUE | G10: 713 | H10: 0 | I10: 0 | J10: 0.17 | K10: 0 | L10: 0 | M10: -0.06 | N10: 0 | O10: 0.62 | P10: 9 | Q10: 9 | R10: FALSE | S10: FALSE | T10: FALSE | U10: TRUE | V10: FALSE | W10: None | X10: WeaponMod | Y10: Cursed | Z10: 2.109 | AA10: neutral | AB10: scr_item_radiant_bell_of_friendly_fire | AC10: seed=20260703; class_filter=Engineer; parser_note=row_9 | AD10: =ROUND(ABS(H10)*8+ABS(I10)*1.5+ABS(J10)*3+ABS(K10)*2+ABS(L10)*2+ABS(M10)*2+ABS(N10)*2+ABS(O10)*2+IF(D10="Legendary",10,IF(D10="Relic",12,IF(D10="Epic",7,IF(D10="Rare",4,IF(D10="Uncommon",2,IF(D10="Cursed",5,1)))))),2) -> 5.87 | AE10: =MAX(0,ROUND(E10*(1+AD10/25)+IF(R10,2,0)+IF(T10,4,0),0)) -> 67 | AF10: =Q10-P10+1 -> 1 | AG10: =LEN(C10) -> 115 | AH10: =IF(D10="Legendary","boss-vault",IF(D10="Relic","secret-room",IF(D10="Cursed","curse-room",IF(AD10>12,"rare-chest","standard")))) -> standard | AI10: =OR(H10<0,I10<0,J10<0,K10<0,L10<0,M10<0,N10<0,O10<0) -> TRUE | AJ10: =IF(AND(P10<=Q10,AE10>=0,AF10>0),IF(OR(AD10>18,AND(D10="Common",AD10>10),AND(D10="Legendary",AE10<80)),"review: balance outlier",IF(AND(R10,T10,U10),"review: volatile physics",IF(COUNTIF(AA10,"*fire*")+COUNTIF(AA10,"*poison*")+COUNTIF(AA10,"*ice*")>=2,"review: multi-status synergy","ok"))),"invalid: level/price") -> ok | AK10: =not_a_formula_0009 | AM10: 46123 | AN10: =P10<=Q10 -> TRUE
A11: itm_00010 | B11: Patchwork Slingshot of Tuesday | C11: A uncommon charm that taxes bullets but attracts trouble. Generated test item #0010; element=Lightning; pool=Secret. | D11: Uncommon | E11: 20 | F11: TRUE | G11: 1058 | H11: 0.9 | I11: 0 | J11: 0 | K11: 0.1 | L11: 0.45 | M11: 0 | N11: 1.66 | O11: 0 | P11: 3 | Q11: 3 | R11: TRUE | S11: TRUE | T11: TRUE | U11: TRUE | V11: TRUE | W11: Lightning | X11: Charm | Y11: Secret | Z11: 2.838 | AA11: lightning,explosive,poisonable | AB11: scr_item_patchwork_slingshot_of_tuesday | AC11: seed=20260703; class_filter=Brawler; parser_note=row_10 | AD11: =ROUND(ABS(H11)*8+ABS(I11)*1.5+ABS(J11)*3+ABS(K11)*2+ABS(L11)*2+ABS(M11)*2+ABS(N11)*2+ABS(O11)*2+IF(D11="Legendary",10,IF(D11="Relic",12,IF(D11="Epic",7,IF(D11="Rare",4,IF(D11="Uncommon",2,IF(D11="Cursed",5,1)))))),2) -> 13.62 | AE11: =MAX(0,ROUND(E11*(1+AD11/25)+IF(R11,2,0)+IF(T11,4,0),0)) -> 37 | AF11: =Q11-P11+1 -> 1 | AG11: =LEN(C11) -> 116 | AH11: =IF(D11="Legendary","boss-vault",IF(D11="Relic","secret-room",IF(D11="Cursed","curse-room",IF(AD11>12,"rare-chest","standard")))) -> rare-chest | AI11: =OR(H11<0,I11<0,J11<0,K11<0,L11<0,M11<0,N11<0,O11<0) -> FALSE | AJ11: =IF(AND(P11<=Q11,AE11>=0,AF11>0),IF(OR(AD11>18,AND(D11="Common",AD11>10),AND(D11="Legendary",AE11<80)),"review: balance outlier",IF(AND(R11,T11,U11),"review: volatile physics",IF(COUNTIF(AA11,"*fire*")+COUNTIF(AA11,"*poison*")+COUNTIF(AA11,"*ice*")>=2,"review: multi-status synergy","ok"))),"invalid: level/price") -> review: volatile physics | AK11: =not_a_formula_0010 | AL11: upg_331 | AM11: 46062 | AN11: =P11<=Q11 -> TRUE
A12: itm_00011 | B12: Caffeinated Mirror of the Basement | C12: A uncommon weaponmod that duplicates dodges if the player keeps moving. Generated test item #0011; element=Poison; pool=Arcade. | D12: Uncommon | E12: 23 | F12: TRUE | G12: 1855 | H12: -0.01 | I12: 1 | J12: 0 | K12: 0 | L12: 0 | M12: 0 | N12: 0 | O12: 0 | P12: 7 | Q12: 10 | R12: FALSE | S12: FALSE | T12: FALSE | U12: TRUE | V12: TRUE | W12: Poison | X12: WeaponMod | Y12: Arcade | Z12: 0.699 | AA12: poison | AB12: scr_item_caffeinated_mirror_of_the_basement | AC12: seed=20260703; class_filter=Gunner; parser_note=row_11 | AD12: =ROUND(ABS(H12)*8+ABS(I12)*1.5+ABS(J12)*3+ABS(K12)*2+ABS(L12)*2+ABS(M12)*2+ABS(N12)*2+ABS(O12)*2+IF(D12="Legendary",10,IF(D12="Relic",12,IF(D12="Epic",7,IF(D12="Rare",4,IF(D12="Uncommon",2,IF(D12="Cursed",5,1)))))),2) -> 3.58 | AE12: =MAX(0,ROUND(E12*(1+AD12/25)+IF(R12,2,0)+IF(T12,4,0),0)) -> 26 | AF12: =Q12-P12+1 -> 4 | AG12: =LEN(C12) -> 127 | AH12: =IF(D12="Legendary","boss-vault",IF(D12="Relic","secret-room",IF(D12="Cursed","curse-room",IF(AD12>12,"rare-chest","standard")))) -> standard | AI12: =OR(H12<0,I12<0,J12<0,K12<0,L12<0,M12<0,N12<0,O12<0) -> TRUE | AJ12: =IF(AND(P12<=Q12,AE12>=0,AF12>0),IF(OR(AD12>18,AND(D12="Common",AD12>10),AND(D12="Legendary",AE12<80)),"review: balance outlier",IF(AND(R12,T12,U12),"review: volatile physics",IF(COUNTIF(AA12,"*fire*")+COUNTIF(AA12,"*poison*")+COUNTIF(AA12,"*ice*")>=2,"review: multi-status synergy","ok"))),"invalid: level/price") -> ok | AK12: =not_a_formula_0011 | AM12: 46155 | AN12: =P12<=Q12 -> TRUE
A13: itm_00012 | B13: Hungry Rocket of Panic | C13: A legendary familiar that taxes reloads after every third hit. Generated test item #0012; element=Slime; pool=Secret. | D13: Legendary | E13: 102 | F13: TRUE | G13: 146 | H13: 0.99 | I13: 0 | J13: 0.1 | K13: 0 | L13: 0 | M13: 0 | N13: 0 | O13: 0 | P13: 3 | Q13: 7 | R13: FALSE | S13: FALSE | T13: TRUE | U13: FALSE | V13: FALSE | W13: Slime | X13: Familiar | Y13: Secret | Z13: 2.661 | AA13: slime,explosive,companion | AB13: scr_item_hungry_rocket_of_panic | AC13: seed=20260703; class_filter=Witch; parser_note=row_12 | AD13: =ROUND(ABS(H13)*8+ABS(I13)*1.5+ABS(J13)*3+ABS(K13)*2+ABS(L13)*2+ABS(M13)*2+ABS(N13)*2+ABS(O13)*2+IF(D13="Legendary",10,IF(D13="Relic",12,IF(D13="Epic",7,IF(D13="Rare",4,IF(D13="Uncommon",2,IF(D13="Cursed",5,1)))))),2) -> 18.22 | AE13: =MAX(0,ROUND(E13*(1+AD13/25)+IF(R13,2,0)+IF(T13,4,0),0)) -> 180 | AF13: =Q13-P13+1 -> 5 | AG13: =LEN(C13) -> 117 | AH13: =IF(D13="Legendary","boss-vault",IF(D13="Relic","secret-room",IF(D13="Cursed","curse-room",IF(AD13>12,"rare-chest","standard")))) -> boss-vault | AI13: =OR(H13<0,I13<0,J13<0,K13<0,L13<0,M13<0,N13<0,O13<0) -> FALSE | AJ13: =IF(AND(P13<=Q13,AE13>=0,AF13>0),IF(OR(AD13>18,AND(D13="Common",AD13>10),AND(D13="Legendary",AE13<80)),"review: balance outlier",IF(AND(R13,T13,U13),"review: volatile physics",IF(COUNTIF(AA13,"*fire*")+COUNTIF(AA13,"*poison*")+COUNTIF(AA13,"*ice*")>=2,"review: multi-status synergy","ok"))),"invalid: level/price") -> review: balance outlier | AK13: =not_a_formula_0012 | AM13: 46145 | AN13: =P13<=Q13 -> TRUE
A14: itm_00013 | B14: Lunar Onion of Tuesday | C14: A uncommon active that amplifies shops while lowering control. Generated test item #0013; element=Slime; pool=Shop. | D14: Uncommon | E14: 28 | F14: FALSE | G14: 987 | H14: -0.01 | I14: 0 | J14: 0 | K14: 0.61 | L14: 0 | M14: 0.37 | N14: 0 | O14: 0 | P14: 1 | Q14: 5 | R14: FALSE | S14: FALSE | T14: FALSE | U14: FALSE | V14: TRUE | W14: Slime | X14: Active | Y14: Shop | Z14: 0.361 | AA14: slime | AB14: scr_item_lunar_onion_of_tuesday | AC14: seed=20260703; class_filter=Witch; parser_note=row_13 | AD14: =ROUND(ABS(H14)*8+ABS(I14)*1.5+ABS(J14)*3+ABS(K14)*2+ABS(L14)*2+ABS(M14)*2+ABS(N14)*2+ABS(O14)*2+IF(D14="Legendary",10,IF(D14="Relic",12,IF(D14="Epic",7,IF(D14="Rare",4,IF(D14="Uncommon",2,IF(D14="Cursed",5,1)))))),2) -> 4.04 | AE14: =MAX(0,ROUND(E14*(1+AD14/25)+IF(R14,2,0)+IF(T14,4,0),0)) -> 33 | AF14: =Q14-P14+1 -> 5 | AG14: =LEN(C14) -> 115 | AH14: =IF(D14="Legendary","boss-vault",IF(D14="Relic","secret-room",IF(D14="Cursed","curse-room",IF(AD14>12,"rare-chest","standard")))) -> standard | AI14: =OR(H14<0,I14<0,J14<0,K14<0,L14<0,M14<0,N14<0,O14<0) -> TRUE | AJ14: =IF(AND(P14<=Q14,AE14>=0,AF14>0),IF(OR(AD14>18,AND(D14="Common",AD14>10),AND(D14="Legendary",AE14<80)),"review: balance outlier",IF(AND(R14,T14,U14),"review: volatile physics",IF(COUNTIF(AA14,"*fire*")+COUNTIF(AA14,"*poison*")+COUNTIF(AA14,"*ice*")>=2,"review: multi-status synergy","ok"))),"invalid: level/price") -> ok | AK14: =not_a_formula_0013 | AM14: 46098 | AN14: =P14<=Q14 -> TRUE
A15: itm_00014 | B15: Sour Boot of the Hungry Door | C15: A rare weaponmod that polishes dodges but attracts trouble. Generated test item #0014; element=Poison; pool=Shop. | D15: Rare | E15: 43 | F15: TRUE | G15: 83 | H15: 0 | I15: 1 | J15: 0.09 | K15: 0 | L15: 0 | M15: 0.08 | N15: 2.02 | O15: 0 | P15: 9 | Q15: 9 | R15: FALSE | S15: FALSE | T15: FALSE | U15: TRUE | V15: FALSE | W15: Poison | X15: WeaponMod | Y15: Shop | Z15: 1.9 | AA15: poison | AB15: scr_item_sour_boot_of_the_hungry_door | AC15: seed=20260703; class_filter=Monk; parser_note=row_14 | AD15: =ROUND(ABS(H15)*8+ABS(I15)*1.5+ABS(J15)*3+ABS(K15)*2+ABS(L15)*2+ABS(M15)*2+ABS(N15)*2+ABS(O15)*2+IF(D15="Legendary",10,IF(D15="Relic",12,IF(D15="Epic",7,IF(D15="Rare",4,IF(D15="Uncommon",2,IF(D15="Cursed",5,1)))))),2) -> 9.97 | AE15: =MAX(0,ROUND(E15*(1+AD15/25)+IF(R15,2,0)+IF(T15,4,0),0)) -> 60 | AF15: =Q15-P15+1 -> 1 | AG15: =LEN(C15) -> 113 | AH15: =IF(D15="Legendary","boss-vault",IF(D15="Relic","secret-room",IF(D15="Cursed","curse-room",IF(AD15>12,"rare-chest","standard")))) -> standard | AI15: =OR(H15<0,I15<0,J15<0,K15<0,L15<0,M15<0,N15<0,O15<0) -> FALSE | AJ15: =IF(AND(P15<=Q15,AE15>=0,AF15>0),IF(OR(AD15>18,AND(D15="Common",AD15>10),AND(D15="Legendary",AE15<80)),"review: balance outlier",IF(AND(R15,T15,U15),"review: volatile physics",IF(COUNTIF(AA15,"*fire*")+COUNTIF(AA15,"*poison*")+COUNTIF(AA15,"*ice*")>=2,"review: multi-status synergy","ok"))),"invalid: level/price") -> ok | AK15: =not_a_formula_0014 | AL15: upg_282 | AM15: 46047 | AN15: =P15<=Q15 -> TRUE
A16: itm_00015 | B16: Neon Key of Pocket Suns | C16: A uncommon weaponmod that warps reloads at a suspicious price. Generated test item #0015; element=Lightning; pool=Treasure. | D16: Uncommon | E16: 32 | F16: TRUE | G16: 1467 | H16: 0.27 | I16: -1 | J16: -0.04 | K16: 0 | L16: 0 | M16: 0 | N16: 0 | O16: 0 | P16: 8 | Q16: 10 | R16: FALSE | S16: FALSE | T16: TRUE | U16: FALSE | V16: FALSE | W16: Lightning | X16: WeaponMod | Y16: Treasure | Z16: 1.132 | AA16: lightning,explosive | AB16: scr_item_neon_key_of_pocket_suns | AC16: seed=20260703; class_filter=Any; parser_note=row_15 | AD16: =ROUND(ABS(H16)*8+ABS(I16)*1.5+ABS(J16)*3+ABS(K16)*2+ABS(L16)*2+ABS(M16)*2+ABS(N16)*2+ABS(O16)*2+IF(D16="Legendary",10,IF(D16="Relic",12,IF(D16="Epic",7,IF(D16="Rare",4,IF(D16="Uncommon",2,IF(D16="Cursed",5,1)))))),2) -> 5.78 | AE16: =MAX(0,ROUND(E16*(1+AD16/25)+IF(R16,2,0)+IF(T16,4,0),0)) -> 43 | AF16: =Q16-P16+1 -> 3 | AG16: =LEN(C16) -> 123 | AH16: =IF(D16="Legendary","boss-vault",IF(D16="Relic","secret-room",IF(D16="Cursed","curse-room",IF(AD16>12,"rare-chest","standard")))) -> standard | AI16: =OR(H16<0,I16<0,J16<0,K16<0,L16<0,M16<0,N16<0,O16<0) -> TRUE | AJ16: =IF(AND(P16<=Q16,AE16>=0,AF16>0),IF(OR(AD16>18,AND(D16="Common",AD16>10),AND(D16="Legendary",AE16<80)),"review: balance outlier",IF(AND(R16,T16,U16),"review: volatile physics",IF(COUNTIF(AA16,"*fire*")+COUNTIF(AA16,"*poison*")+COUNTIF(AA16,"*ice*")>=2,"review: multi-status synergy","ok"))),"invalid: level/price") -> ok | AK16: =not_a_formula_0015 | AM16: 46104 | AN16: =P16<=Q16 -> TRUE
A17: itm_00016 | B17: Spicy Feather of Ricochet | C17: A epic orbital that nudges hearts only when the room is clear. Generated test item #0016; element=Slime; pool=Treasure. | D17: Epic | E17: 89 | F17: FALSE | G17: 750 | H17: 1.12 | I17: 0 | J17: -0.21 | K17: 0 | L17: 0 | M17: 0.3 | N17: 0 | O17: 0 | P17: 4 | Q17: 7 | R17: FALSE | S17: FALSE | T17: FALSE | U17: TRUE | V17: FALSE | W17: Slime | X17: Orbital | Y17: Treasure | Z17: 3.145 | AA17: slime,companion | AB17: scr_item_spicy_feather_of_ricochet | AC17: seed=20260703; class_filter=Engineer; parser_note=row_16 | AD17: =ROUND(ABS(H17)*8+ABS(I17)*1.5+ABS(J17)*3+ABS(K17)*2+ABS(L17)*2+ABS(M17)*2+ABS(N17)*2+ABS(O17)*2+IF(D17="Legendary",10,IF(D17="Relic",12,IF(D17="Epic",7,IF(D17="Rare",4,IF(D17="Uncommon",2,IF(D17="Cursed",5,1)))))),2) -> 17.19 | AE17: =MAX(0,ROUND(E17*(1+AD17/25)+IF(R17,2,0)+IF(T17,4,0),0)) -> 150 | AF17: =Q17-P17+1 -> 4 | AG17: =LEN(C17) -> 119 | AH17: =IF(D17="Legendary","boss-vault",IF(D17="Relic","secret-room",IF(D17="Cursed","curse-room",IF(AD17>12,"rare-chest","standard")))) -> rare-chest | AI17: =OR(H17<0,I17<0,J17<0,K17<0,L17<0,M17<0,N17<0,O17<0) -> TRUE | AJ17: =IF(AND(P17<=Q17,AE17>=0,AF17>0),IF(OR(AD17>18,AND(D17="Common",AD17>10),AND(D17="Legendary",AE17<80)),"review: balance outlier",IF(AND(R17,T17,U17),"review: volatile physics",IF(COUNTIF(AA17,"*fire*")+COUNTIF(AA17,"*poison*")+COUNTIF(AA17,"*ice*")>=2,"review: multi-status synergy","ok"))),"invalid: level/price") -> ok | AK17: =not_a_formula_0016 | AM17: 46057 | AN17: =P17<=Q17 -> TRUE
A18: itm_00017 | B18: Caffeinated Capacitor of the Basement | C18: A common weaponmod that nudges keys near breakable props. Generated test item #0017; element=Slime; pool=Shop. | D18: Common | E18: 11 | F18: TRUE | G18: 978 | H18: 0 | I18: 0 | J18: 0 | K18: 0 | L18: 0 | M18: 0 | N18: 0 | O18: 0 | P18: 6 | Q18: 6 | R18: FALSE | S18: FALSE | T18: FALSE | U18: FALSE | V18: TRUE | W18: Slime | X18: WeaponMod | Y18: Shop | Z18: 1.941 | AA18: slime | AB18: scr_item_caffeinated_capacitor_of_the_basement | AC18: seed=20260703; class_filter=Engineer; parser_note=row_17 | AD18: =ROUND(ABS(H18)*8+ABS(I18)*1.5+ABS(J18)*3+ABS(K18)*2+ABS(L18)*2+ABS(M18)*2+ABS(N18)*2+ABS(O18)*2+IF(D18="Legendary",10,IF(D18="Relic",12,IF(D18="Epic",7,IF(D18="Rare",4,IF(D18="Uncommon",2,IF(D18="Cursed",5,1)))))),2) -> 1 | AE18: =MAX(0,ROUND(E18*(1+AD18/25)+IF(R18,2,0)+IF(T18,4,0),0)) -> 11 | AF18: =Q18-P18+1 -> 1 | AG18: =LEN(C18) -> 110 | AH18: =IF(D18="Legendary","boss-vault",IF(D18="Relic","secret-room",IF(D18="Cursed","curse-room",IF(AD18>12,"rare-chest","standard")))) -> standard | AI18: =OR(H18<0,I18<0,J18<0,K18<0,L18<0,M18<0,N18<0,O18<0) -> FALSE | AJ18: =IF(AND(P18<=Q18,AE18>=0,AF18>0),IF(OR(AD18>18,AND(D18="Common",AD18>10),AND(D18="Legendary",AE18<80)),"review: balance outlier",IF(AND(R18,T18,U18),"review: volatile physics",IF(COUNTIF(AA18,"*fire*")+COUNTIF(AA18,"*poison*")+COUNTIF(AA18,"*ice*")>=2,"review: multi-status synergy","ok"))),"invalid: level/price") -> ok | AK18: =not_a_formula_0017 | AL18: upg_015 | AM18: 46116 | AN18: =P18<=Q18 -> TRUE
A19: itm_00018 | B19: Haunted Pepper of Worms | C19: A uncommon passive that polishes bombs while lowering control. Generated test item #0018; element=Slime; pool=Treasure. | D19: Uncommon | E19: 37 | F19: TRUE | G19: 1196 | H19: 1.52 | I19: -1 | J19: 0 | K19: 0 | L19: 0 | M19: 0 | N19: 0 | O19: 0.35 | P19: 5 | Q19: 10 | R19: FALSE | S19: TRUE | T19: FALSE | U19: FALSE | V19: FALSE | W19: Slime | X19: Passive | Y19: Treasure | Z19: 2.186 | AA19: slime,poisonable | AB19: scr_item_haunted_pepper_of_worms | AC19: seed=20260703; class_filter=Witch; parser_note=row_18 | AD19: =ROUND(ABS(H19)*8+ABS(I19)*1.5+ABS(J19)*3+ABS(K19)*2+ABS(L19)*2+ABS(M19)*2+ABS(N19)*2+ABS(O19)*2+IF(D19="Legendary",10,IF(D19="Relic",12,IF(D19="Epic",7,IF(D19="Rare",4,IF(D19="Uncommon",2,IF(D19="Cursed",5,1)))))),2) -> 16.36 | AE19: =MAX(0,ROUND(E19*(1+AD19/25)+IF(R19,2,0)+IF(T19,4,0),0)) -> 61 | AF19: =Q19-P19+1 -> 6 | AG19: =LEN(C19) -> 119 | AH19: =IF(D19="Legendary","boss-vault",IF(D19="Relic","secret-room",IF(D19="Cursed","curse-room",IF(AD19>12,"rare-chest","standard")))) -> rare-chest | AI19: =OR(H19<0,I19<0,J19<0,K19<0,L19<0,M19<0,N19<0,O19<0) -> TRUE | AJ19: =IF(AND(P19<=Q19,AE19>=0,AF19>0),IF(OR(AD19>18,AND(D19="Common",AD19>10),AND(D19="Legendary",AE19<80)),"review: balance outlier",IF(AND(R19,T19,U19),"review: volatile physics",IF(COUNTIF(AA19,"*fire*")+COUNTIF(AA19,"*poison*")+COUNTIF(AA19,"*ice*")>=2,"review: multi-status synergy","ok"))),"invalid: level/price") -> ok | AK19: =not_a_formula_0018 | AM19: 46028 | AN19: =P19<=Q19 -> TRUE
A20: itm_00019 | B20: Lucky Donut of the Hungry Door | C20: A relic familiar that haunts bullets near breakable props. Generated test item #0019; element=None; pool=Shop. | D20: Relic | E20: 176 | F20: FALSE | G20: 1375 | H20: 1.41 | I20: 1 | J20: 0 | K20: 0 | L20: 0 | M20: 0 | N20: 0 | O20: 0 | P20: 8 | Q20: 9 | R20: FALSE | S20: FALSE | T20: FALSE | U20: TRUE | V20: TRUE | W20: None | X20: Familiar | Y20: Shop | Z20: 2.293 | AA20: companion,relic | AB20: scr_item_lucky_donut_of_the_hungry_door | AC20: seed=20260703; class_filter=Any; parser_note=row_19 | AD20: =ROUND(ABS(H20)*8+ABS(I20)*1.5+ABS(J20)*3+ABS(K20)*2+ABS(L20)*2+ABS(M20)*2+ABS(N20)*2+ABS(O20)*2+IF(D20="Legendary",10,IF(D20="Relic",12,IF(D20="Epic",7,IF(D20="Rare",4,IF(D20="Uncommon",2,IF(D20="Cursed",5,1)))))),2) -> 24.78 | AE20: =MAX(0,ROUND(E20*(1+AD20/25)+IF(R20,2,0)+IF(T20,4,0),0)) -> 350 | AF20: =Q20-P20+1 -> 2 | AG20: =LEN(C20) -> 110 | AH20: =IF(D20="Legendary","boss-vault",IF(D20="Relic","secret-room",IF(D20="Cursed","curse-room",IF(AD20>12,"rare-chest","standard")))) -> secret-room | AI20: =OR(H20<0,I20<0,J20<0,K20<0,L20<0,M20<0,N20<0,O20<0) -> FALSE | AJ20: =IF(AND(P20<=Q20,AE20>=0,AF20>0),IF(OR(AD20>18,AND(D20="Common",AD20>10),AND(D20="Legendary",AE20<80)),"review: balance outlier",IF(AND(R20,T20,U20),"review: volatile physics",IF(COUNTIF(AA20,"*fire*")+COUNTIF(AA20,"*poison*")+COUNTIF(AA20,"*ice*")>=2,"review: multi-status synergy","ok"))),"invalid: level/price") -> review: balance outlier | AK20: =not_a_formula_0019 | AL20: upg_180 | AM20: 46159 | AN20: =P20<=Q20 -> TRUE
A21: itm_00020 | B21: Cardboard Slingshot of the Basement | C21: A common orbital that haunts bullets near breakable props. Generated test item #0020; element=None; pool=Shop. | D21: Common | E21: 12 | F21: FALSE | G21: 357 | H21: 0 | I21: 0 | J21: 0.26 | K21: 0.47 | L21: 0 | M21: 0.36 | N21: 0 | O21: 0.13 | P21: 4 | Q21: 4 | R21: FALSE | S21: FALSE | T21: FALSE | U21: FALSE | V21: TRUE | W21: None | X21: Orbital | Y21: Shop | Z21: 2.989 | AA21: companion | AB21: scr_item_cardboard_slingshot_of_the_basement | AC21: seed=20260703; class_filter=Monk; parser_note=row_20 | AD21: =ROUND(ABS(H21)*8+ABS(I21)*1.5+ABS(J21)*3+ABS(K21)*2+ABS(L21)*2+ABS(M21)*2+ABS(N21)*2+ABS(O21)*2+IF(D21="Legendary",10,IF(D21="Relic",12,IF(D21="Epic",7,IF(D21="Rare",4,IF(D21="Uncommon",2,IF(D21="Cursed",5,1)))))),2) -> 3.7 | AE21: =MAX(0,ROUND(E21*(1+AD21/25)+IF(R21,2,0)+IF(T21,4,0),0)) -> 14 | AF21: =Q21-P21+1 -> 1 | AG21: =LEN(C21) -> 110 | AH21: =IF(D21="Legendary","boss-vault",IF(D21="Relic","secret-room",IF(D21="Cursed","curse-room",IF(AD21>12,"rare-chest","standard")))) -> standard | AI21: =OR(H21<0,I21<0,J21<0,K21<0,L21<0,M21<0,N21<0,O21<0) -> FALSE | AJ21: =IF(AND(P21<=Q21,AE21>=0,AF21>0),IF(OR(AD21>18,AND(D21="Common",AD21>10),AND(D21="Legendary",AE21<80)),"review: balance outlier",IF(AND(R21,T21,U21),"review: volatile physics",IF(COUNTIF(AA21,"*fire*")+COUNTIF(AA21,"*poison*")+COUNTIF(AA21,"*ice*")>=2,"review: multi-status synergy","ok"))),"invalid: level/price") -> ok | AK21: =not_a_formula_0020 | AM21: 46114 | AN21: =P21<=Q21 -> TRUE
A22: itm_00021 | B22: Radiant Candle of the Final Room | C22: A common relic that polishes bullets near breakable props. Generated test item #0021; element=Poison; pool=Shop. | D22: Common | E22: 11 | F22: TRUE | G22: 1199 | H22: 0 | I22: 1 | J22: 0 | K22: 0.61 | L22: 0 | M22: 0.02 | N22: 0 | O22: 0 | P22: 3 | Q22: 3 | R22: FALSE | S22: FALSE | T22: FALSE | U22: TRUE | V22: FALSE | W22: Poison | X22: Relic | Y22: Shop | Z22: 1.77 | AA22: poison | AB22: scr_item_radiant_candle_of_the_final_room | AC22: seed=20260703; class_filter=Gunner; parser_note=row_21 | AD22: =ROUND(ABS(H22)*8+ABS(I22)*1.5+ABS(J22)*3+ABS(K22)*2+ABS(L22)*2+ABS(M22)*2+ABS(N22)*2+ABS(O22)*2+IF(D22="Legendary",10,IF(D22="Relic",12,IF(D22="Epic",7,IF(D22="Rare",4,IF(D22="Uncommon",2,IF(D22="Cursed",5,1)))))),2) -> 3.76 | AE22: =MAX(0,ROUND(E22*(1+AD22/25)+IF(R22,2,0)+IF(T22,4,0),0)) -> 13 | AF22: =Q22-P22+1 -> 1 | AG22: =LEN(C22) -> 112 | AH22: =IF(D22="Legendary","boss-vault",IF(D22="Relic","secret-room",IF(D22="Cursed","curse-room",IF(AD22>12,"rare-chest","standard")))) -> standard | AI22: =OR(H22<0,I22<0,J22<0,K22<0,L22<0,M22<0,N22<0,O22<0) -> FALSE | AJ22: =IF(AND(P22<=Q22,AE22>=0,AF22>0),IF(OR(AD22>18,AND(D22="Common",AD22>10),AND(D22="Legendary",AE22<80)),"review: balance outlier",IF(AND(R22,T22,U22),"review: volatile physics",IF(COUNTIF(AA22,"*fire*")+COUNTIF(AA22,"*poison*")+COUNTIF(AA22,"*ice*")>=2,"review: multi-status synergy","ok"))),"invalid: level/price") -> ok | AK22: =not_a_formula_0021 | AM22: 46141 | AN22: =P22<=Q22 -> TRUE
A23: itm_00022 | B23: Recursive Skull of Ricochet | C23: A common charm that amplifies doors only when the room is clear. Generated test item #0022; element=Fire; pool=Challenge. | D23: Common | E23: 38 | F23: FALSE | G23: 1066 | H23: 0 | I23: 0 | J23: 0 | K23: 0 | L23: 0 | M23: 0 | N23: 1.75 | O23: 0 | P23: 2 | Q23: 10 | R23: TRUE | S23: FALSE | T23: TRUE | U23: FALSE | V23: TRUE | W23: Fire | X23: Charm | Y23: Challenge | Z23: 2.445 | AA23: fire,explosive | AB23: scr_item_recursive_skull_of_ricochet | AC23: seed=20260703; class_filter=Witch; parser_note=row_22 | AD23: =ROUND(ABS(H23)*8+ABS(I23)*1.5+ABS(J23)*3+ABS(K23)*2+ABS(L23)*2+ABS(M23)*2+ABS(N23)*2+ABS(O23)*2+IF(D23="Legendary",10,IF(D23="Relic",12,IF(D23="Epic",7,IF(D23="Rare",4,IF(D23="Uncommon",2,IF(D23="Cursed",5,1)))))),2) -> 4.5 | AE23: =MAX(0,ROUND(E23*(1+AD23/25)+IF(R23,2,0)+IF(T23,4,0),0)) -> 51 | AF23: =Q23-P23+1 -> 9 | AG23: =LEN(C23) -> 121 | AH23: =IF(D23="Legendary","boss-vault",IF(D23="Relic","secret-room",IF(D23="Cursed","curse-room",IF(AD23>12,"rare-chest","standard")))) -> standard | AI23: =OR(H23<0,I23<0,J23<0,K23<0,L23<0,M23<0,N23<0,O23<0) -> FALSE | AJ23: =IF(AND(P23<=Q23,AE23>=0,AF23>0),IF(OR(AD23>18,AND(D23="Common",AD23>10),AND(D23="Legendary",AE23<80)),"review: balance outlier",IF(AND(R23,T23,U23),"review: volatile physics",IF(COUNTIF(AA23,"*fire*")+COUNTIF(AA23,"*poison*")+COUNTIF(AA23,"*ice*")>=2,"review: multi-status synergy","ok"))),"invalid: level/price") -> ok | AK23: =not_a_formula_0022 | AM23: 46154 | AN23: =P23<=Q23 -> TRUE
A24: itm_00023 | B24: Echoing Whistle of Oversteer | C24: A uncommon charm that duplicates doors at a suspicious price. Generated test item #0023; element=Fire; pool=Treasure. | D24: Uncommon | E24: 28 | F24: TRUE | G24: 1905 | H24: 0 | I24: 1 | J24: -0.32 | K24: 0.57 | L24: 0 | M24: -0.1 | N24: 0 | O24: 0 | P24: 6 | Q24: 6 | R24: TRUE | S24: TRUE | T24: TRUE | U24: FALSE | V24: TRUE | W24: Fire | X24: Charm | Y24: Treasure | Z24: 2.599 | AA24: fire,explosive,poisonable | AB24: scr_item_echoing_whistle_of_oversteer | AC24: seed=20260703; class_filter=Rogue; parser_note=row_23 | AD24: =ROUND(ABS(H24)*8+ABS(I24)*1.5+ABS(J24)*3+ABS(K24)*2+ABS(L24)*2+ABS(M24)*2+ABS(N24)*2+ABS(O24)*2+IF(D24="Legendary",10,IF(D24="Relic",12,IF(D24="Epic",7,IF(D24="Rare",4,IF(D24="Uncommon",2,IF(D24="Cursed",5,1)))))),2) -> 5.8 | AE24: =MAX(0,ROUND(E24*(1+AD24/25)+IF(R24,2,0)+IF(T24,4,0),0)) -> 40 | AF24: =Q24-P24+1 -> 1 | AG24: =LEN(C24) -> 117 | AH24: =IF(D24="Legendary","boss-vault",IF(D24="Relic","secret-room",IF(D24="Cursed","curse-room",IF(AD24>12,"rare-chest","standard")))) -> standard | AI24: =OR(H24<0,I24<0,J24<0,K24<0,L24<0,M24<0,N24<0,O24<0) -> TRUE | AJ24: =IF(AND(P24<=Q24,AE24>=0,AF24>0),IF(OR(AD24>18,AND(D24="Common",AD24>10),AND(D24="Legendary",AE24<80)),"review: balance outlier",IF(AND(R24,T24,U24),"review: volatile physics",IF(COUNTIF(AA24,"*fire*")+COUNTIF(AA24,"*poison*")+COUNTIF(AA24,"*ice*")>=2,"review: multi-status synergy","ok"))),"invalid: level/price") -> review: multi-status synergy | AK24: =not_a_formula_0023 | AM24: 46053 | AN24: =P24<=Q24 -> TRUE
A25: itm_00024 | B25: Crooked Button of Double Trouble | C25: A uncommon passive that duplicates reloads near breakable props. Generated test item #0024; element=Slime; pool=Challenge. | D25: Uncommon | E25: 24 | F25: TRUE | G25: 388 | H25: 1.16 | I25: 0 | J25: 0 | K25: -0.16 | L25: 0.42 | M25: 0 | N25: 2.3 | O25: 0 | P25: 6 | Q25: 6 | R25: FALSE | S25: TRUE | T25: FALSE | U25: TRUE | V25: FALSE | W25: Slime | X25: Passive | Y25: Challenge | Z25: 3.432 | AA25: slime,poisonable | AB25: scr_item_crooked_button_of_double_trouble | AC25: seed=20260703; class_filter=Monk; parser_note=row_24 | AD25: =ROUND(ABS(H25)*8+ABS(I25)*1.5+ABS(J25)*3+ABS(K25)*2+ABS(L25)*2+ABS(M25)*2+ABS(N25)*2+ABS(O25)*2+IF(D25="Legendary",10,IF(D25="Relic",12,IF(D25="Epic",7,IF(D25="Rare",4,IF(D25="Uncommon",2,IF(D25="Cursed",5,1)))))),2) -> 17.04 | AE25: =MAX(0,ROUND(E25*(1+AD25/25)+IF(R25,2,0)+IF(T25,4,0),0)) -> 40 | AF25: =Q25-P25+1 -> 1 | AG25: =LEN(C25) -> 122 | AH25: =IF(D25="Legendary","boss-vault",IF(D25="Relic","secret-room",IF(D25="Cursed","curse-room",IF(AD25>12,"rare-chest","standard")))) -> rare-chest | AI25: =OR(H25<0,I25<0,J25<0,K25<0,L25<0,M25<0,N25<0,O25<0) -> TRUE | AJ25: =IF(AND(P25<=Q25,AE25>=0,AF25>0),IF(OR(AD25>18,AND(D25="Common",AD25>10),AND(D25="Legendary",AE25<80)),"review: balance outlier",IF(AND(R25,T25,U25),"review: volatile physics",IF(COUNTIF(AA25,"*fire*")+COUNTIF(AA25,"*poison*")+COUNTIF(AA25,"*ice*")>=2,"review: multi-status synergy","ok"))),"invalid: level/price") -> ok | AK25: =not_a_formula_0024 | AM25: 46086 | AN25: =P25<=Q25 -> TRUE
A26: itm_00025 | B26: Lucky Mask of the Hungry Door | C26: A epic familiar that nudges familiars when luck disagrees. Generated test item #0025; element=Ice; pool=Treasure. | D26: Epic | E26: 88 | F26: TRUE | G26: 556 | H26: 0 | I26: 1 | J26: 0.54 | K26: 0 | L26: 0 | M26: 0 | N26: 0 | O26: 0.65 | P26: 8 | Q26: 8 | R26: FALSE | S26: TRUE | T26: FALSE | U26: FALSE | V26: FALSE | W26: Ice | X26: Familiar | Y26: Treasure | Z26: 1.543 | AA26: ice,poisonable,companion | AB26: scr_item_lucky_mask_of_the_hungry_door | AC26: seed=20260703; class_filter=Rogue; parser_note=row_25 | AD26: =ROUND(ABS(H26)*8+ABS(I26)*1.5+ABS(J26)*3+ABS(K26)*2+ABS(L26)*2+ABS(M26)*2+ABS(N26)*2+ABS(O26)*2+IF(D26="Legendary",10,IF(D26="Relic",12,IF(D26="Epic",7,IF(D26="Rare",4,IF(D26="Uncommon",2,IF(D26="Cursed",5,1)))))),2) -> 11.42 | AE26: =MAX(0,ROUND(E26*(1+AD26/25)+IF(R26,2,0)+IF(T26,4,0),0)) -> 128 | AF26: =Q26-P26+1 -> 1 | AG26: =LEN(C26) -> 113 | AH26: =IF(D26="Legendary","boss-vault",IF(D26="Relic","secret-room",IF(D26="Cursed","curse-room",IF(AD26>12,"rare-chest","standard")))) -> standard | AI26: =OR(H26<0,I26<0,J26<0,K26<0,L26<0,M26<0,N26<0,O26<0) -> FALSE | AJ26: =IF(AND(P26<=Q26,AE26>=0,AF26>0),IF(OR(AD26>18,AND(D26="Common",AD26>10),AND(D26="Legendary",AE26<80)),"review: balance outlier",IF(AND(R26,T26,U26),"review: volatile physics",IF(COUNTIF(AA26,"*fire*")+COUNTIF(AA26,"*poison*")+COUNTIF(AA26,"*ice*")>=2,"review: multi-status synergy","ok"))),"invalid: level/price") -> review: multi-status synergy | AK26: =not_a_formula_0025 | AL26: upg_325 | AM26: 46044 | AN26: =P26<=Q26 -> TRUE
A27: itm_00026 | B27: Sour Badge of the Final Room | C27: A uncommon orbital that amplifies keys while lowering control. Generated test item #0026; element=Poison; pool=Treasure. | D27: Uncommon | E27: 27 | F27: TRUE | G27: 1102 | H27: 0.51 | I27: 0 | J27: -0.31 | K27: 0 | L27: 0 | M27: 0.08 | N27: 0 | O27: 1 | P27: 9 | Q27: 10 | R27: FALSE | S27: FALSE | T27: TRUE | U27: FALSE | V27: TRUE | W27: Poison | X27: Orbital | Y27: Treasure | Z27: 2.808 | AA27: poison,explosive,companion | AB27: scr_item_sour_badge_of_the_final_room | AC27: seed=20260703; class_filter=Monk; parser_note=row_26 | AD27: =ROUND(ABS(H27)*8+ABS(I27)*1.5+ABS(J27)*3+ABS(K27)*2+ABS(L27)*2+ABS(M27)*2+ABS(N27)*2+ABS(O27)*2+IF(D27="Legendary",10,IF(D27="Relic",12,IF(D27="Epic",7,IF(D27="Rare",4,IF(D27="Uncommon",2,IF(D27="Cursed",5,1)))))),2) -> 9.17 | AE27: =MAX(0,ROUND(E27*(1+AD27/25)+IF(R27,2,0)+IF(T27,4,0),0)) -> 41 | AF27: =Q27-P27+1 -> 2 | AG27: =LEN(C27) -> 120 | AH27: =IF(D27="Legendary","boss-vault",IF(D27="Relic","secret-room",IF(D27="Cursed","curse-room",IF(AD27>12,"rare-chest","standard")))) -> standard | AI27: =OR(H27<0,I27<0,J27<0,K27<0,L27<0,M27<0,N27<0,O27<0) -> TRUE | AJ27: =IF(AND(P27<=Q27,AE27>=0,AF27>0),IF(OR(AD27>18,AND(D27="Common",AD27>10),AND(D27="Legendary",AE27<80)),"review: balance outlier",IF(AND(R27,T27,U27),"review: volatile physics",IF(COUNTIF(AA27,"*fire*")+COUNTIF(AA27,"*poison*")+COUNTIF(AA27,"*ice*")>=2,"review: multi-status synergy","ok"))),"invalid: level/price") -> ok | AK27: =not_a_formula_0026 | AL27: upg_042 | AM27: 46105 | AN27: =P27<=Q27 -> TRUE
A28: itm_00027 | B28: Forgotten Rocket of Slippery Angles | C28: A epic passive that spoils reloads while lowering control. Generated test item #0027; element=Poison; pool=Shop. | D28: Epic | E28: 57 | F28: FALSE | G28: 1543 | H28: -0.24 | I28: 2 | J28: 0.18 | K28: 0.45 | L28: 0 | M28: 0 | N28: 2.63 | O28: 0.67 | P28: 6 | Q28: 6 | R28: FALSE | S28: FALSE | T28: FALSE | U28: FALSE | V28: TRUE | W28: Poison | X28: Passive | Y28: Shop | Z28: 3.256 | AA28: poison | AB28: scr_item_forgotten_rocket_of_slippery_angles | AC28: seed=20260703; class_filter=Witch; parser_note=row_27 | AD28: =ROUND(ABS(H28)*8+ABS(I28)*1.5+ABS(J28)*3+ABS(K28)*2+ABS(L28)*2+ABS(M28)*2+ABS(N28)*2+ABS(O28)*2+IF(D28="Legendary",10,IF(D28="Relic",12,IF(D28="Epic",7,IF(D28="Rare",4,IF(D28="Uncommon",2,IF(D28="Cursed",5,1)))))),2) -> 19.96 | AE28: =MAX(0,ROUND(E28*(1+AD28/25)+IF(R28,2,0)+IF(T28,4,0),0)) -> 103 | AF28: =Q28-P28+1 -> 1 | AG28: =LEN(C28) -> 112 | AH28: =IF(D28="Legendary","boss-vault",IF(D28="Relic","secret-room",IF(D28="Cursed","curse-room",IF(AD28>12,"rare-chest","standard")))) -> rare-chest | AI28: =OR(H28<0,I28<0,J28<0,K28<0,L28<0,M28<0,N28<0,O28<0) -> TRUE | AJ28: =IF(AND(P28<=Q28,AE28>=0,AF28>0),IF(OR(AD28>18,AND(D28="Common",AD28>10),AND(D28="Legendary",AE28<80)),"review: balance outlier",IF(AND(R28,T28,U28),"review: volatile physics",IF(COUNTIF(AA28,"*fire*")+COUNTIF(AA28,"*poison*")+COUNTIF(AA28,"*ice*")>=2,"review: multi-status synergy","ok"))),"invalid: level/price") -> review: balance outlier | AK28: =not_a_formula_0027 | AL28: upg_039 | AM28: 46128 | AN28: =P28<=Q28 -> TRUE
A29: itm_00028 | B29: Plastic Lunchbox of Last Chances | C29: A rare passive that nudges shops near breakable props. Generated test item #0028; element=Lightning; pool=Shop. | D29: Rare | E29: 34 | F29: TRUE | G29: 1111 | H29: 0.18 | I29: 0 | J29: 0 | K29: 0 | L29: 0 | M29: -0.12 | N29: -1.48 | O29: 0 | P29: 7 | Q29: 7 | R29: FALSE | S29: FALSE | T29: TRUE | U29: TRUE | V29: TRUE | W29: Lightning | X29: Passive | Y29: Shop | Z29: 2.891 | AA29: lightning,explosive | AB29: scr_item_plastic_lunchbox_of_last_chances | AC29: seed=20260703; class_filter=Brawler; parser_note=row_28 | AD29: =ROUND(ABS(H29)*8+ABS(I29)*1.5+ABS(J29)*3+ABS(K29)*2+ABS(L29)*2+ABS(M29)*2+ABS(N29)*2+ABS(O29)*2+IF(D29="Legendary",10,IF(D29="Relic",12,IF(D29="Epic",7,IF(D29="Rare",4,IF(D29="Uncommon",2,IF(D29="Cursed",5,1)))))),2) -> 8.64 | AE29: =MAX(0,ROUND(E29*(1+AD29/25)+IF(R29,2,0)+IF(T29,4,0),0)) -> 50 | AF29: =Q29-P29+1 -> 1 | AG29: =LEN(C29) -> 111 | AH29: =IF(D29="Legendary","boss-vault",IF(D29="Relic","secret-room",IF(D29="Cursed","curse-room",IF(AD29>12,"rare-chest","standard")))) -> standard | AI29: =OR(H29<0,I29<0,J29<0,K29<0,L29<0,M29<0,N29<0,O29<0) -> TRUE | AJ29: =IF(AND(P29<=Q29,AE29>=0,AF29>0),IF(OR(AD29>18,AND(D29="Common",AD29>10),AND(D29="Legendary",AE29<80)),"review: balance outlier",IF(AND(R29,T29,U29),"review: volatile physics",IF(COUNTIF(AA29,"*fire*")+COUNTIF(AA29,"*poison*")+COUNTIF(AA29,"*ice*")>=2,"review: multi-status synergy","ok"))),"invalid: level/price") -> ok | AK29: =not_a_formula_0028 | AM29: 46029 | AN29: =P29<=Q29 -> TRUE
A30: itm_00029 | B30: Tiny Mask of Oversteer | C30: A common active that haunts dodges at a suspicious price. Generated test item #0029; element=Ice; pool=Secret. | D30: Common | E30: 10 | F30: TRUE | G30: 34 | H30: 0 | I30: 0 | J30: 0.07 | K30: 0 | L30: 0.23 | M30: 0 | N30: 0 | O30: 0.09 | P30: 6 | Q30: 6 | R30: TRUE | S30: TRUE | T30: FALSE | U30: FALSE | V30: TRUE | W30: Ice | X30: Active | Y30: Secret | Z30: 0.681 | AA30: ice,poisonable | AB30: scr_item_tiny_mask_of_oversteer | AC30: seed=20260703; class_filter=Gunner; parser_note=row_29 | AD30: =ROUND(ABS(H30)*8+ABS(I30)*1.5+ABS(J30)*3+ABS(K30)*2+ABS(L30)*2+ABS(M30)*2+ABS(N30)*2+ABS(O30)*2+IF(D30="Legendary",10,IF(D30="Relic",12,IF(D30="Epic",7,IF(D30="Rare",4,IF(D30="Uncommon",2,IF(D30="Cursed",5,1)))))),2) -> 1.85 | AE30: =MAX(0,ROUND(E30*(1+AD30/25)+IF(R30,2,0)+IF(T30,4,0),0)) -> 13 | AF30: =Q30-P30+1 -> 1 | AG30: =LEN(C30) -> 110 | AH30: =IF(D30="Legendary","boss-vault",IF(D30="Relic","secret-room",IF(D30="Cursed","curse-room",IF(AD30>12,"rare-chest","standard")))) -> standard | AI30: =OR(H30<0,I30<0,J30<0,K30<0,L30<0,M30<0,N30<0,O30<0) -> FALSE | AJ30: =IF(AND(P30<=Q30,AE30>=0,AF30>0),IF(OR(AD30>18,AND(D30="Common",AD30>10),AND(D30="Legendary",AE30<80)),"review: balance outlier",IF(AND(R30,T30,U30),"review: volatile physics",IF(COUNTIF(AA30,"*fire*")+COUNTIF(AA30,"*poison*")+COUNTIF(AA30,"*ice*")>=2,"review: multi-status synergy","ok"))),"invalid: level/price") -> review: multi-status synergy | AK30: =not_a_formula_0029 | AM30: 46104 | AN30: =P30<=Q30 -> TRUE
A31: itm_00030 | B31: Hollow Magnet of Worms | C31: A uncommon consumable that polishes doors near breakable props. Generated test item #0030; element=Fire; pool=Treasure. | D31: Uncommon | E31: 38 | F31: TRUE | G31: 1942 | H31: 0 | I31: 0 | J31: 0 | K31: 0 | L31: 0 | M31: 0 | N31: 0.85 | O31: 0 | P31: 5 | Q31: 10 | R31: TRUE | S31: TRUE | T31: TRUE | U31: FALSE | V31: FALSE | W31: Fire | X31: Consumable | Y31: Treasure | Z31: 3.341 | AA31: fire,explosive,poisonable | AB31: scr_item_hollow_magnet_of_worms | AC31: seed=20260703; class_filter=Alchemist; parser_note=row_30 | AD31: =ROUND(ABS(H31)*8+ABS(I31)*1.5+ABS(J31)*3+ABS(K31)*2+ABS(L31)*2+ABS(M31)*2+ABS(N31)*2+ABS(O31)*2+IF(D31="Legendary",10,IF(D31="Relic",12,IF(D31="Epic",7,IF(D31="Rare",4,IF(D31="Uncommon",2,IF(D31="Cursed",5,1)))))),2) -> 3.7 | AE31: =MAX(0,ROUND(E31*(1+AD31/25)+IF(R31,2,0)+IF(T31,4,0),0)) -> 50 | AF31: =Q31-P31+1 -> 6 | AG31: =LEN(C31) -> 119 | AH31: =IF(D31="Legendary","boss-vault",IF(D31="Relic","secret-room",IF(D31="Cursed","curse-room",IF(AD31>12,"rare-chest","standard")))) -> standard | AI31: =OR(H31<0,I31<0,J31<0,K31<0,L31<0,M31<0,N31<0,O31<0) -> FALSE | AJ31: =IF(AND(P31<=Q31,AE31>=0,AF31>0),IF(OR(AD31>18,AND(D31="Common",AD31>10),AND(D31="Legendary",AE31<80)),"review: balance outlier",IF(AND(R31,T31,U31),"review: volatile physics",IF(COUNTIF(AA31,"*fire*")+COUNTIF(AA31,"*poison*")+COUNTIF(AA31,"*ice*")>=2,"review: multi-status synergy","ok"))),"invalid: level/price") -> review: multi-status synergy | AK31: =not_a_formula_0030 | AM31: 46169 | AN31: =P31<=Q31 -> TRUE
A32: itm_00031 | B32: Mossy Fishbone of the Hungry Door | C32: A rare relic that haunts hearts if the player keeps moving. Generated test item #0031; element=Slime; pool=Arcade. | D32: Rare | E32: 54 | F32: FALSE | G32: 1270 | H32: 0 | I32: 1 | J32: 0 | K32: 0 | L32: -0.07 | M32: -0.2 | N32: 2.12 | O32: 0 | P32: 1 | Q32: 5 | R32: FALSE | S32: TRUE | T32: FALSE | U32: FALSE | V32: FALSE | W32: Slime | X32: Relic | Y32: Arcade | Z32: 0.839 | AA32: slime,poisonable | AB32: scr_item_mossy_fishbone_of_the_hungry_door | AC32: seed=20260703; class_filter=Monk; parser_note=row_31 | AD32: =ROUND(ABS(H32)*8+ABS(I32)*1.5+ABS(J32)*3+ABS(K32)*2+ABS(L32)*2+ABS(M32)*2+ABS(N32)*2+ABS(O32)*2+IF(D32="Legendary",10,IF(D32="Relic",12,IF(D32="Epic",7,IF(D32="Rare",4,IF(D32="Uncommon",2,IF(D32="Cursed",5,1)))))),2) -> 10.28 | AE32: =MAX(0,ROUND(E32*(1+AD32/25)+IF(R32,2,0)+IF(T32,4,0),0)) -> 76 | AF32: =Q32-P32+1 -> 5 | AG32: =LEN(C32) -> 114 | AH32: =IF(D32="Legendary","boss-vault",IF(D32="Relic","secret-room",IF(D32="Cursed","curse-room",IF(AD32>12,"rare-chest","standard")))) -> standard | AI32: =OR(H32<0,I32<0,J32<0,K32<0,L32<0,M32<0,N32<0,O32<0) -> TRUE | AJ32: =IF(AND(P32<=Q32,AE32>=0,AF32>0),IF(OR(AD32>18,AND(D32="Common",AD32>10),AND(D32="Legendary",AE32<80)),"review: balance outlier",IF(AND(R32,T32,U32),"review: volatile physics",IF(COUNTIF(AA32,"*fire*")+COUNTIF(AA32,"*poison*")+COUNTIF(AA32,"*ice*")>=2,"review: multi-status synergy","ok"))),"invalid: level/price") -> ok | AK32: =not_a_formula_0031 | AM32: 46162 | AN32: =P32<=Q32 -> TRUE
A33: itm_00032 | B33: Damp Kite of Friendly Fire | C33: A uncommon orbital that haunts bombs if the player keeps moving. Generated test item #0032; element=Lightning; pool=Shop. | D33: Uncommon | E33: 17 | F33: TRUE | G33: 403 | H33: 0 | I33: 0 | J33: -0.15 | K33: -0.25 | L33: 0 | M33: 0 | N33: 0 | O33: 0 | P33: 9 | Q33: 9 | R33: FALSE | S33: TRUE | T33: TRUE | U33: FALSE | V33: TRUE | W33: Lightning | X33: Orbital | Y33: Shop | Z33: 2.187 | AA33: lightning,explosive,poisonable,companion | AB33: scr_item_damp_kite_of_friendly_fire | AC33: seed=20260703; class_filter=Brawler; parser_note=row_32 | AD33: =ROUND(ABS(H33)*8+ABS(I33)*1.5+ABS(J33)*3+ABS(K33)*2+ABS(L33)*2+ABS(M33)*2+ABS(N33)*2+ABS(O33)*2+IF(D33="Legendary",10,IF(D33="Relic",12,IF(D33="Epic",7,IF(D33="Rare",4,IF(D33="Uncommon",2,IF(D33="Cursed",5,1)))))),2) -> 2.95 | AE33: =MAX(0,ROUND(E33*(1+AD33/25)+IF(R33,2,0)+IF(T33,4,0),0)) -> 23 | AF33: =Q33-P33+1 -> 1 | AG33: =LEN(C33) -> 121 | AH33: =IF(D33="Legendary","boss-vault",IF(D33="Relic","secret-room",IF(D33="Cursed","curse-room",IF(AD33>12,"rare-chest","standard")))) -> standard | AI33: =OR(H33<0,I33<0,J33<0,K33<0,L33<0,M33<0,N33<0,O33<0) -> TRUE | AJ33: =IF(AND(P33<=Q33,AE33>=0,AF33>0),IF(OR(AD33>18,AND(D33="Common",AD33>10),AND(D33="Legendary",AE33<80)),"review: balance outlier",IF(AND(R33,T33,U33),"review: volatile physics",IF(COUNTIF(AA33,"*fire*")+COUNTIF(AA33,"*poison*")+COUNTIF(AA33,"*ice*")>=2,"review: multi-status synergy","ok"))),"invalid: level/price") -> ok | AK33: =not_a_formula_0032 | AM33: 46172 | AN33: =P33<=Q33 -> TRUE
A34: itm_00033 | B34: Forgotten Magnet of Worms | C34: A common weaponmod that haunts bombs near breakable props. Generated test item #0033; element=Fire; pool=Library. | D34: Common | E34: 24 | F34: TRUE | G34: 1564 | H34: 0 | I34: -1 | J34: 0 | K34: 0 | L34: -0.15 | M34: 0.17 | N34: 0 | O34: 0 | P34: 4 | Q34: 8 | R34: TRUE | S34: TRUE | T34: TRUE | U34: FALSE | V34: FALSE | W34: Fire | X34: WeaponMod | Y34: Library | Z34: 3.361 | AA34: fire,explosive,poisonable | AB34: scr_item_forgotten_magnet_of_worms | AC34: seed=20260703; class_filter=Any; parser_note=row_33 | AD34: =ROUND(ABS(H34)*8+ABS(I34)*1.5+ABS(J34)*3+ABS(K34)*2+ABS(L34)*2+ABS(M34)*2+ABS(N34)*2+ABS(O34)*2+IF(D34="Legendary",10,IF(D34="Relic",12,IF(D34="Epic",7,IF(D34="Rare",4,IF(D34="Uncommon",2,IF(D34="Cursed",5,1)))))),2) -> 3.14 | AE34: =MAX(0,ROUND(E34*(1+AD34/25)+IF(R34,2,0)+IF(T34,4,0),0)) -> 33 | AF34: =Q34-P34+1 -> 5 | AG34: =LEN(C34) -> 113 | AH34: =IF(D34="Legendary","boss-vault",IF(D34="Relic","secret-room",IF(D34="Cursed","curse-room",IF(AD34>12,"rare-chest","standard")))) -> standard | AI34: =OR(H34<0,I34<0,J34<0,K34<0,L34<0,M34<0,N34<0,O34<0) -> TRUE | AJ34: =IF(AND(P34<=Q34,AE34>=0,AF34>0),IF(OR(AD34>18,AND(D34="Common",AD34>10),AND(D34="Legendary",AE34<80)),"review: balance outlier",IF(AND(R34,T34,U34),"review: volatile physics",IF(COUNTIF(AA34,"*fire*")+COUNTIF(AA34,"*poison*")+COUNTIF(AA34,"*ice*")>=2,"review: multi-status synergy","ok"))),"invalid: level/price") -> review: multi-status synergy | AK34: =not_a_formula_0033 | AL34: upg_335 | AM34: 46080 | AN34: =P34<=Q34 -> TRUE
A35: itm_00034 | B35: Haunted Marble of the Hungry Door | C35: A uncommon relic that shrinks bombs if the player keeps moving. Generated test item #0034; element=Holy; pool=Treasure. | D35: Uncommon | E35: 39 | F35: TRUE | G35: 811 | H35: 0 | I35: 0 | J35: 0 | K35: 0 | L35: 0 | M35: -0.01 | N35: 0 | O35: 0 | P35: 6 | Q35: 10 | R35: FALSE | S35: TRUE | T35: FALSE | U35: FALSE | V35: FALSE | W35: Holy | X35: Relic | Y35: Treasure | Z35: 3.169 | AA35: holy,poisonable | AB35: scr_item_haunted_marble_of_the_hungry_door | AC35: seed=20260703; class_filter=Brawler; parser_note=row_34 | AD35: =ROUND(ABS(H35)*8+ABS(I35)*1.5+ABS(J35)*3+ABS(K35)*2+ABS(L35)*2+ABS(M35)*2+ABS(N35)*2+ABS(O35)*2+IF(D35="Legendary",10,IF(D35="Relic",12,IF(D35="Epic",7,IF(D35="Rare",4,IF(D35="Uncommon",2,IF(D35="Cursed",5,1)))))),2) -> 2.02 | AE35: =MAX(0,ROUND(E35*(1+AD35/25)+IF(R35,2,0)+IF(T35,4,0),0)) -> 42 | AF35: =Q35-P35+1 -> 5 | AG35: =LEN(C35) -> 119 | AH35: =IF(D35="Legendary","boss-vault",IF(D35="Relic","secret-room",IF(D35="Cursed","curse-room",IF(AD35>12,"rare-chest","standard")))) -> standard | AI35: =OR(H35<0,I35<0,J35<0,K35<0,L35<0,M35<0,N35<0,O35<0) -> TRUE | AJ35: =IF(AND(P35<=Q35,AE35>=0,AF35>0),IF(OR(AD35>18,AND(D35="Common",AD35>10),AND(D35="Legendary",AE35<80)),"review: balance outlier",IF(AND(R35,T35,U35),"review: volatile physics",IF(COUNTIF(AA35,"*fire*")+COUNTIF(AA35,"*poison*")+COUNTIF(AA35,"*ice*")>=2,"review: multi-status synergy","ok"))),"invalid: level/price") -> ok | AK35: =not_a_formula_0034 | AL35: upg_257 | AM35: 46060 | AN35: =P35<=Q35 -> TRUE
A36: itm_00035 | B36: Hollow Candle of the Glass Moon | C36: A common active that spoils bombs only when the room is clear. Generated test item #0035; element=Holy; pool=Treasure. | D36: Common | E36: 18 | F36: TRUE | G36: 1365 | H36: 0 | I36: 1 | J36: 0 | K36: -0.18 | L36: 0 | M36: 0 | N36: 0 | O36: 0 | P36: 1 | Q36: 3 | R36: FALSE | S36: FALSE | T36: FALSE | U36: TRUE | V36: TRUE | W36: Holy | X36: Active | Y36: Treasure | Z36: 2.885 | AA36: holy | AB36: scr_item_hollow_candle_of_the_glass_moon | AC36: seed=20260703; class_filter=Brawler; parser_note=row_35 | AD36: =ROUND(ABS(H36)*8+ABS(I36)*1.5+ABS(J36)*3+ABS(K36)*2+ABS(L36)*2+ABS(M36)*2+ABS(N36)*2+ABS(O36)*2+IF(D36="Legendary",10,IF(D36="Relic",12,IF(D36="Epic",7,IF(D36="Rare",4,IF(D36="Uncommon",2,IF(D36="Cursed",5,1)))))),2) -> 2.86 | AE36: =MAX(0,ROUND(E36*(1+AD36/25)+IF(R36,2,0)+IF(T36,4,0),0)) -> 20 | AF36: =Q36-P36+1 -> 3 | AG36: =LEN(C36) -> 118 | AH36: =IF(D36="Legendary","boss-vault",IF(D36="Relic","secret-room",IF(D36="Cursed","curse-room",IF(AD36>12,"rare-chest","standard")))) -> standard | AI36: =OR(H36<0,I36<0,J36<0,K36<0,L36<0,M36<0,N36<0,O36<0) -> TRUE | AJ36: =IF(AND(P36<=Q36,AE36>=0,AF36>0),IF(OR(AD36>18,AND(D36="Common",AD36>10),AND(D36="Legendary",AE36<80)),"review: balance outlier",IF(AND(R36,T36,U36),"review: volatile physics",IF(COUNTIF(AA36,"*fire*")+COUNTIF(AA36,"*poison*")+COUNTIF(AA36,"*ice*")>=2,"review: multi-status synergy","ok"))),"invalid: level/price") -> ok | AK36: =not_a_formula_0035 | AM36: 46135 | AN36: =P36<=Q36 -> TRUE
A37: itm_00036 | B37: Crooked Lantern of Slippery Angles | C37: A rare relic that taxes dodges at a suspicious price. Generated test item #0036; element=Fire; pool=Secret. | D37: Rare | E37: 60 | F37: FALSE | G37: 1917 | H37: 1.41 | I37: 0 | J37: 0 | K37: 0 | L37: 0 | M37: 0 | N37: 0 | O37: 0.55 | P37: 3 | Q37: 5 | R37: FALSE | S37: FALSE | T37: TRUE | U37: FALSE | V37: FALSE | W37: Fire | X37: Relic | Y37: Secret | Z37: 2.207 | AA37: fire,explosive | AB37: scr_item_crooked_lantern_of_slippery_angles | AC37: seed=20260703; class_filter=Rogue; parser_note=row_36 | AD37: =ROUND(ABS(H37)*8+ABS(I37)*1.5+ABS(J37)*3+ABS(K37)*2+ABS(L37)*2+ABS(M37)*2+ABS(N37)*2+ABS(O37)*2+IF(D37="Legendary",10,IF(D37="Relic",12,IF(D37="Epic",7,IF(D37="Rare",4,IF(D37="Uncommon",2,IF(D37="Cursed",5,1)))))),2) -> 16.38 | AE37: =MAX(0,ROUND(E37*(1+AD37/25)+IF(R37,2,0)+IF(T37,4,0),0)) -> 103 | AF37: =Q37-P37+1 -> 3 | AG37: =LEN(C37) -> 107 | AH37: =IF(D37="Legendary","boss-vault",IF(D37="Relic","secret-room",IF(D37="Cursed","curse-room",IF(AD37>12,"rare-chest","standard")))) -> rare-chest | AI37: =OR(H37<0,I37<0,J37<0,K37<0,L37<0,M37<0,N37<0,O37<0) -> FALSE | AJ37: =IF(AND(P37<=Q37,AE37>=0,AF37>0),IF(OR(AD37>18,AND(D37="Common",AD37>10),AND(D37="Legendary",AE37<80)),"review: balance outlier",IF(AND(R37,T37,U37),"review: volatile physics",IF(COUNTIF(AA37,"*fire*")+COUNTIF(AA37,"*poison*")+COUNTIF(AA37,"*ice*")>=2,"review: multi-status synergy","ok"))),"invalid: level/price") -> ok | AK37: =not_a_formula_0036 | AM37: 46131 | AN37: =P37<=Q37 -> TRUE
A38: itm_00037 | B38: Bitter Marble of Bad Ideas | C38: A common relic that warps reloads but attracts trouble. Generated test item #0037; element=None; pool=Treasure. | D38: Common | E38: 19 | F38: FALSE | G38: 1346 | H38: 0 | I38: 0 | J38: -0.22 | K38: 0 | L38: 0 | M38: 0.21 | N38: 0 | O38: 0 | P38: 3 | Q38: 5 | R38: FALSE | S38: TRUE | T38: FALSE | U38: FALSE | V38: FALSE | W38: None | X38: Relic | Y38: Treasure | Z38: 1.123 | AA38: poisonable | AB38: scr_item_bitter_marble_of_bad_ideas | AC38: seed=20260703; class_filter=Monk; parser_note=row_37 | AD38: =ROUND(ABS(H38)*8+ABS(I38)*1.5+ABS(J38)*3+ABS(K38)*2+ABS(L38)*2+ABS(M38)*2+ABS(N38)*2+ABS(O38)*2+IF(D38="Legendary",10,IF(D38="Relic",12,IF(D38="Epic",7,IF(D38="Rare",4,IF(D38="Uncommon",2,IF(D38="Cursed",5,1)))))),2) -> 2.08 | AE38: =MAX(0,ROUND(E38*(1+AD38/25)+IF(R38,2,0)+IF(T38,4,0),0)) -> 21 | AF38: =Q38-P38+1 -> 3 | AG38: =LEN(C38) -> 111 | AH38: =IF(D38="Legendary","boss-vault",IF(D38="Relic","secret-room",IF(D38="Cursed","curse-room",IF(AD38>12,"rare-chest","standard")))) -> standard | AI38: =OR(H38<0,I38<0,J38<0,K38<0,L38<0,M38<0,N38<0,O38<0) -> TRUE | AJ38: =IF(AND(P38<=Q38,AE38>=0,AF38>0),IF(OR(AD38>18,AND(D38="Common",AD38>10),AND(D38="Legendary",AE38<80)),"review: balance outlier",IF(AND(R38,T38,U38),"review: volatile physics",IF(COUNTIF(AA38,"*fire*")+COUNTIF(AA38,"*poison*")+COUNTIF(AA38,"*ice*")>=2,"review: multi-status synergy","ok"))),"invalid: level/price") -> ok | AK38: =not_a_formula_0037 | AM38: 46124 | AN38: =P38<=Q38 -> TRUE
A39: itm_00038 | B39: Spicy Orb of Worms | C39: A common active that warps shops at a suspicious price. Generated test item #0038; element=Slime; pool=Boss. | D39: Common | E39: 31 | F39: TRUE | G39: 1068 | H39: 0 | I39: 1 | J39: 0 | K39: 0 | L39: 0 | M39: 0 | N39: 1.3 | O39: -0.16 | P39: 2 | Q39: 7 | R39: FALSE | S39: TRUE | T39: FALSE | U39: TRUE | V39: TRUE | W39: Slime | X39: Active | Y39: Boss | Z39: 2.602 | AA39: slime,poisonable | AB39: scr_item_spicy_orb_of_worms | AC39: seed=20260703; class_filter=Monk; parser_note=row_38 | AD39: =ROUND(ABS(H39)*8+ABS(I39)*1.5+ABS(J39)*3+ABS(K39)*2+ABS(L39)*2+ABS(M39)*2+ABS(N39)*2+ABS(O39)*2+IF(D39="Legendary",10,IF(D39="Relic",12,IF(D39="Epic",7,IF(D39="Rare",4,IF(D39="Uncommon",2,IF(D39="Cursed",5,1)))))),2) -> 5.42 | AE39: =MAX(0,ROUND(E39*(1+AD39/25)+IF(R39,2,0)+IF(T39,4,0),0)) -> 38 | AF39: =Q39-P39+1 -> 6 | AG39: =LEN(C39) -> 108 | AH39: =IF(D39="Legendary","boss-vault",IF(D39="Relic","secret-room",IF(D39="Cursed","curse-room",IF(AD39>12,"rare-chest","standard")))) -> standard | AI39: =OR(H39<0,I39<0,J39<0,K39<0,L39<0,M39<0,N39<0,O39<0) -> TRUE | AJ39: =IF(AND(P39<=Q39,AE39>=0,AF39>0),IF(OR(AD39>18,AND(D39="Common",AD39>10),AND(D39="Legendary",AE39<80)),"review: balance outlier",IF(AND(R39,T39,U39),"review: volatile physics",IF(COUNTIF(AA39,"*fire*")+COUNTIF(AA39,"*poison*")+COUNTIF(AA39,"*ice*")>=2,"review: multi-status synergy","ok"))),"invalid: level/price") -> ok | AK39: =not_a_formula_0038 | AL39: upg_164 | AM39: 46154 | AN39: =P39<=Q39 -> TRUE
A40: itm_00039 | B40: Patchwork Kite of the Hungry Door | C40: A common familiar that nudges coins after every third hit. Generated test item #0039; element=Ice; pool=Shop. | D40: Common | E40: 31 | F40: TRUE | G40: 1035 | H40: 0.79 | I40: 0 | J40: 0.14 | K40: 0 | L40: 0 | M40: 0 | N40: -1.24 | O40: 0 | P40: 2 | Q40: 7 | R40: FALSE | S40: FALSE | T40: TRUE | U40: FALSE | V40: FALSE | W40: Ice | X40: Familiar | Y40: Shop | Z40: 0.422 | AA40: ice,explosive,companion | AB40: scr_item_patchwork_kite_of_the_hungry_door | AC40: seed=20260703; class_filter=Rogue; parser_note=row_39 | AD40: =ROUND(ABS(H40)*8+ABS(I40)*1.5+ABS(J40)*3+ABS(K40)*2+ABS(L40)*2+ABS(M40)*2+ABS(N40)*2+ABS(O40)*2+IF(D40="Legendary",10,IF(D40="Relic",12,IF(D40="Epic",7,IF(D40="Rare",4,IF(D40="Uncommon",2,IF(D40="Cursed",5,1)))))),2) -> 10.22 | AE40: =MAX(0,ROUND(E40*(1+AD40/25)+IF(R40,2,0)+IF(T40,4,0),0)) -> 48 | AF40: =Q40-P40+1 -> 6 | AG40: =LEN(C40) -> 109 | AH40: =IF(D40="Legendary","boss-vault",IF(D40="Relic","secret-room",IF(D40="Cursed","curse-room",IF(AD40>12,"rare-chest","standard")))) -> standard | AI40: =OR(H40<0,I40<0,J40<0,K40<0,L40<0,M40<0,N40<0,O40<0) -> TRUE | AJ40: =IF(AND(P40<=Q40,AE40>=0,AF40>0),IF(OR(AD40>18,AND(D40="Common",AD40>10),AND(D40="Legendary",AE40<80)),"review: balance outlier",IF(AND(R40,T40,U40),"review: volatile physics",IF(COUNTIF(AA40,"*fire*")+COUNTIF(AA40,"*poison*")+COUNTIF(AA40,"*ice*")>=2,"review: multi-status synergy","ok"))),"invalid: level/price") -> review: balance outlier | AK40: =not_a_formula_0039 | AM40: 46195 | AN40: =P40<=Q40 -> TRUE
A41: itm_00040 | B41: Caffeinated Mushroom of the Basement | C41: A common active that amplifies bullets only when the room is clear. Generated test item #0040; element=Lightning; pool=Challenge. | D41: Common | E41: 23 | F41: TRUE | G41: 977 | H41: 0 | I41: 0 | J41: 0 | K41: 0.9 | L41: -0.32 | M41: 0.14 | N41: 0 | O41: 0 | P41: 1 | Q41: 4 | R41: FALSE | S41: TRUE | T41: TRUE | U41: TRUE | V41: TRUE | W41: Lightning | X41: Active | Y41: Challenge | Z41: 2.144 | AA41: lightning,explosive,poisonable | AB41: scr_item_caffeinated_mushroom_of_the_basement | AC41: seed=20260703; class_filter=Alchemist; parser_note=row_40 | AD41: =ROUND(ABS(H41)*8+ABS(I41)*1.5+ABS(J41)*3+ABS(K41)*2+ABS(L41)*2+ABS(M41)*2+ABS(N41)*2+ABS(O41)*2+IF(D41="Legendary",10,IF(D41="Relic",12,IF(D41="Epic",7,IF(D41="Rare",4,IF(D41="Uncommon",2,IF(D41="Cursed",5,1)))))),2) -> 3.72 | AE41: =MAX(0,ROUND(E41*(1+AD41/25)+IF(R41,2,0)+IF(T41,4,0),0)) -> 30 | AF41: =Q41-P41+1 -> 4 | AG41: =LEN(C41) -> 129 | AH41: =IF(D41="Legendary","boss-vault",IF(D41="Relic","secret-room",IF(D41="Cursed","curse-room",IF(AD41>12,"rare-chest","standard")))) -> standard | AI41: =OR(H41<0,I41<0,J41<0,K41<0,L41<0,M41<0,N41<0,O41<0) -> TRUE | AJ41: =IF(AND(P41<=Q41,AE41>=0,AF41>0),IF(OR(AD41>18,AND(D41="Common",AD41>10),AND(D41="Legendary",AE41<80)),"review: balance outlier",IF(AND(R41,T41,U41),"review: volatile physics",IF(COUNTIF(AA41,"*fire*")+COUNTIF(AA41,"*poison*")+COUNTIF(AA41,"*ice*")>=2,"review: multi-status synergy","ok"))),"invalid: level/price") -> ok | AK41: =not_a_formula_0040 | AL41: upg_080 | AM41: 46160 | AN41: =P41<=Q41 -> TRUE
A42: itm_00041 | B42: Plastic Vial of the Final Room | C42: A common passive that duplicates bullets if the player keeps moving. Generated test item #0041; element=None; pool=Treasure. | D42: Common | E42: 24 | F42: TRUE | G42: 1468 | H42: 1.22 | I42: -1 | J42: 0.09 | K42: 0 | L42: 0 | M42: -0.07 | N42: 0 | O42: 0.12 | P42: 2 | Q42: 6 | R42: FALSE | S42: TRUE | T42: FALSE | U42: TRUE | V42: TRUE | W42: None | X42: Passive | Y42: Treasure | Z42: 2.615 | AA42: poisonable | AB42: scr_item_plastic_vial_of_the_final_room | AC42: seed=20260703; class_filter=Monk; parser_note=row_41 | AD42: =ROUND(ABS(H42)*8+ABS(I42)*1.5+ABS(J42)*3+ABS(K42)*2+ABS(L42)*2+ABS(M42)*2+ABS(N42)*2+ABS(O42)*2+IF(D42="Legendary",10,IF(D42="Relic",12,IF(D42="Epic",7,IF(D42="Rare",4,IF(D42="Uncommon",2,IF(D42="Cursed",5,1)))))),2) -> 12.91 | AE42: =MAX(0,ROUND(E42*(1+AD42/25)+IF(R42,2,0)+IF(T42,4,0),0)) -> 36 | AF42: =Q42-P42+1 -> 5 | AG42: =LEN(C42) -> 124 | AH42: =IF(D42="Legendary","boss-vault",IF(D42="Relic","secret-room",IF(D42="Cursed","curse-room",IF(AD42>12,"rare-chest","standard")))) -> rare-chest | AI42: =OR(H42<0,I42<0,J42<0,K42<0,L42<0,M42<0,N42<0,O42<0) -> TRUE | AJ42: =IF(AND(P42<=Q42,AE42>=0,AF42>0),IF(OR(AD42>18,AND(D42="Common",AD42>10),AND(D42="Legendary",AE42<80)),"review: balance outlier",IF(AND(R42,T42,U42),"review: volatile physics",IF(COUNTIF(AA42,"*fire*")+COUNTIF(AA42,"*poison*")+COUNTIF(AA42,"*ice*")>=2,"review: multi-status synergy","ok"))),"invalid: level/price") -> review: balance outlier | AK42: =not_a_formula_0041 | AL42: upg_251 | AM42: 46048 | AN42: =P42<=Q42 -> TRUE
A43: itm_00042 | B43: Lucky Crown of Ricochet | C43: A uncommon orbital that duplicates coins near breakable props. Generated test item #0042; element=Poison; pool=Challenge. | D43: Uncommon | E43: 26 | F43: TRUE | G43: 528 | H43: 0.43 | I43: 1 | J43: 0 | K43: 0 | L43: 0 | M43: 0 | N43: 1.76 | O43: 0 | P43: 9 | Q43: 9 | R43: FALSE | S43: FALSE | T43: FALSE | U43: TRUE | V43: TRUE | W43: Poison | X43: Orbital | Y43: Challenge | Z43: 2.821 | AA43: poison,companion | AB43: scr_item_lucky_crown_of_ricochet | AC43: seed=20260703; class_filter=Monk; parser_note=row_42 | AD43: =ROUND(ABS(H43)*8+ABS(I43)*1.5+ABS(J43)*3+ABS(K43)*2+ABS(L43)*2+ABS(M43)*2+ABS(N43)*2+ABS(O43)*2+IF(D43="Legendary",10,IF(D43="Relic",12,IF(D43="Epic",7,IF(D43="Rare",4,IF(D43="Uncommon",2,IF(D43="Cursed",5,1)))))),2) -> 10.46 | AE43: =MAX(0,ROUND(E43*(1+AD43/25)+IF(R43,2,0)+IF(T43,4,0),0)) -> 37 | AF43: =Q43-P43+1 -> 1 | AG43: =LEN(C43) -> 121 | AH43: =IF(D43="Legendary","boss-vault",IF(D43="Relic","secret-room",IF(D43="Cursed","curse-room",IF(AD43>12,"rare-chest","standard")))) -> standard | AI43: =OR(H43<0,I43<0,J43<0,K43<0,L43<0,M43<0,N43<0,O43<0) -> FALSE | AJ43: =IF(AND(P43<=Q43,AE43>=0,AF43>0),IF(OR(AD43>18,AND(D43="Common",AD43>10),AND(D43="Legendary",AE43<80)),"review: balance outlier",IF(AND(R43,T43,U43),"review: volatile physics",IF(COUNTIF(AA43,"*fire*")+COUNTIF(AA43,"*poison*")+COUNTIF(AA43,"*ice*")>=2,"review: multi-status synergy","ok"))),"invalid: level/price") -> ok | AK43: =not_a_formula_0042 | AM43: 46078 | AN43: =P43<=Q43 -> TRUE
A44: itm_00043 | B44: Lucky Anvil of Refunds | C44: A legendary charm that taxes coins if the player keeps moving. Generated test item #0043; element=Rust; pool=Challenge. | D44: Legendary | E44: 199 | F44: FALSE | G44: 1283 | H44: 0 | I44: 0 | J44: 0.59 | K44: 1.19 | L44: 0 | M44: 0 | N44: 0 | O44: -0.38 | P44: 5 | Q44: 8 | R44: TRUE | S44: FALSE | T44: TRUE | U44: TRUE | V44: FALSE | W44: Rust | X44: Charm | Y44: Challenge | Z44: 0.592 | AA44: rust,explosive | AB44: scr_item_lucky_anvil_of_refunds | AC44: seed=20260703; class_filter=Gunner; parser_note=row_43 | AD44: =ROUND(ABS(H44)*8+ABS(I44)*1.5+ABS(J44)*3+ABS(K44)*2+ABS(L44)*2+ABS(M44)*2+ABS(N44)*2+ABS(O44)*2+IF(D44="Legendary",10,IF(D44="Relic",12,IF(D44="Epic",7,IF(D44="Rare",4,IF(D44="Uncommon",2,IF(D44="Cursed",5,1)))))),2) -> 14.91 | AE44: =MAX(0,ROUND(E44*(1+AD44/25)+IF(R44,2,0)+IF(T44,4,0),0)) -> 324 | AF44: =Q44-P44+1 -> 4 | AG44: =LEN(C44) -> 119 | AH44: =IF(D44="Legendary","boss-vault",IF(D44="Relic","secret-room",IF(D44="Cursed","curse-room",IF(AD44>12,"rare-chest","standard")))) -> boss-vault | AI44: =OR(H44<0,I44<0,J44<0,K44<0,L44<0,M44<0,N44<0,O44<0) -> TRUE | AJ44: =IF(AND(P44<=Q44,AE44>=0,AF44>0),IF(OR(AD44>18,AND(D44="Common",AD44>10),AND(D44="Legendary",AE44<80)),"review: balance outlier",IF(AND(R44,T44,U44),"review: volatile physics",IF(COUNTIF(AA44,"*fire*")+COUNTIF(AA44,"*poison*")+COUNTIF(AA44,"*ice*")>=2,"review: multi-status synergy","ok"))),"invalid: level/price") -> review: volatile physics | AK44: =not_a_formula_0043 | AL44: upg_314 | AM44: 46115 | AN44: =P44<=Q44 -> TRUE
A45: itm_00044 | B45: Patchwork Mirror of the Lost Cart | C45: A rare consumable that reroutes hearts near breakable props. Generated test item #0044; element=Lightning; pool=Shop. | D45: Rare | E45: 41 | F45: TRUE | G45: 1066 | H45: 0 | I45: 0 | J45: 0.46 | K45: 0 | L45: 0 | M45: 0 | N45: 0 | O45: 0 | P45: 9 | Q45: 10 | R45: TRUE | S45: TRUE | T45: TRUE | U45: FALSE | V45: TRUE | W45: Lightning | X45: Consumable | Y45: Shop | Z45: 1.232 | AA45: lightning,explosive,poisonable | AB45: scr_item_patchwork_mirror_of_the_lost_cart | AC45: seed=20260703; class_filter=Alchemist; parser_note=row_44 | AD45: =ROUND(ABS(H45)*8+ABS(I45)*1.5+ABS(J45)*3+ABS(K45)*2+ABS(L45)*2+ABS(M45)*2+ABS(N45)*2+ABS(O45)*2+IF(D45="Legendary",10,IF(D45="Relic",12,IF(D45="Epic",7,IF(D45="Rare",4,IF(D45="Uncommon",2,IF(D45="Cursed",5,1)))))),2) -> 5.38 | AE45: =MAX(0,ROUND(E45*(1+AD45/25)+IF(R45,2,0)+IF(T45,4,0),0)) -> 56 | AF45: =Q45-P45+1 -> 2 | AG45: =LEN(C45) -> 117 | AH45: =IF(D45="Legendary","boss-vault",IF(D45="Relic","secret-room",IF(D45="Cursed","curse-room",IF(AD45>12,"rare-chest","standard")))) -> standard | AI45: =OR(H45<0,I45<0,J45<0,K45<0,L45<0,M45<0,N45<0,O45<0) -> FALSE | AJ45: =IF(AND(P45<=Q45,AE45>=0,AF45>0),IF(OR(AD45>18,AND(D45="Common",AD45>10),AND(D45="Legendary",AE45<80)),"review: balance outlier",IF(AND(R45,T45,U45),"review: volatile physics",IF(COUNTIF(AA45,"*fire*")+COUNTIF(AA45,"*poison*")+COUNTIF(AA45,"*ice*")>=2,"review: multi-status synergy","ok"))),"invalid: level/price") -> ok | AK45: =not_a_formula_0044 | AL45: upg_121 | AM45: 46187 | AN45: =P45<=Q45 -> TRUE
A46: itm_00045 | B46: Forgotten Bell of Soft Explosions | C46: A common relic that spoils familiars after every third hit. Generated test item #0045; element=Ice; pool=Treasure. | D46: Common | E46: 28 | F46: TRUE | G46: 2030 | H46: 0.79 | I46: 1 | J46: -0.21 | K46: 0 | L46: 0 | M46: 0.43 | N46: 3.71 | O46: 0.48 | P46: 1 | Q46: 6 | R46: TRUE | S46: FALSE | T46: FALSE | U46: FALSE | V46: FALSE | W46: Ice | X46: Relic | Y46: Treasure | Z46: 3.308 | AA46: ice | AB46: scr_item_forgotten_bell_of_soft_explosions | AC46: seed=20260703; class_filter=Witch; parser_note=row_45 | AD46: =ROUND(ABS(H46)*8+ABS(I46)*1.5+ABS(J46)*3+ABS(K46)*2+ABS(L46)*2+ABS(M46)*2+ABS(N46)*2+ABS(O46)*2+IF(D46="Legendary",10,IF(D46="Relic",12,IF(D46="Epic",7,IF(D46="Rare",4,IF(D46="Uncommon",2,IF(D46="Cursed",5,1)))))),2) -> 18.69 | AE46: =MAX(0,ROUND(E46*(1+AD46/25)+IF(R46,2,0)+IF(T46,4,0),0)) -> 51 | AF46: =Q46-P46+1 -> 6 | AG46: =LEN(C46) -> 114 | AH46: =IF(D46="Legendary","boss-vault",IF(D46="Relic","secret-room",IF(D46="Cursed","curse-room",IF(AD46>12,"rare-chest","standard")))) -> rare-chest | AI46: =OR(H46<0,I46<0,J46<0,K46<0,L46<0,M46<0,N46<0,O46<0) -> TRUE | AJ46: =IF(AND(P46<=Q46,AE46>=0,AF46>0),IF(OR(AD46>18,AND(D46="Common",AD46>10),AND(D46="Legendary",AE46<80)),"review: balance outlier",IF(AND(R46,T46,U46),"review: volatile physics",IF(COUNTIF(AA46,"*fire*")+COUNTIF(AA46,"*poison*")+COUNTIF(AA46,"*ice*")>=2,"review: multi-status synergy","ok"))),"invalid: level/price") -> review: balance outlier | AK46: =not_a_formula_0045 | AL46: upg_226 | AM46: 46095 | AN46: =P46<=Q46 -> TRUE
A47: itm_00046 | B47: Quantum Banana Peel of Refunds | C47: A common charm that haunts shops but attracts trouble. Generated test item #0046; element=None; pool=Treasure. | D47: Common | E47: 10 | F47: TRUE | G47: 1728 | H47: 0.93 | I47: 1 | J47: 0 | K47: -0.13 | L47: 0 | M47: 0 | N47: 0 | O47: -0.27 | P47: 9 | Q47: 10 | R47: TRUE | S47: FALSE | T47: FALSE | U47: FALSE | V47: TRUE | W47: None | X47: Charm | Y47: Treasure | Z47: 0.313 | AA47: neutral | AB47: scr_item_quantum_banana_peel_of_refunds | AC47: seed=20260703; class_filter=Any; parser_note=row_46 | AD47: =ROUND(ABS(H47)*8+ABS(I47)*1.5+ABS(J47)*3+ABS(K47)*2+ABS(L47)*2+ABS(M47)*2+ABS(N47)*2+ABS(O47)*2+IF(D47="Legendary",10,IF(D47="Relic",12,IF(D47="Epic",7,IF(D47="Rare",4,IF(D47="Uncommon",2,IF(D47="Cursed",5,1)))))),2) -> 10.74 | AE47: =MAX(0,ROUND(E47*(1+AD47/25)+IF(R47,2,0)+IF(T47,4,0),0)) -> 16 | AF47: =Q47-P47+1 -> 2 | AG47: =LEN(C47) -> 110 | AH47: =IF(D47="Legendary","boss-vault",IF(D47="Relic","secret-room",IF(D47="Cursed","curse-room",IF(AD47>12,"rare-chest","standard")))) -> standard | AI47: =OR(H47<0,I47<0,J47<0,K47<0,L47<0,M47<0,N47<0,O47<0) -> TRUE | AJ47: =IF(AND(P47<=Q47,AE47>=0,AF47>0),IF(OR(AD47>18,AND(D47="Common",AD47>10),AND(D47="Legendary",AE47<80)),"review: balance outlier",IF(AND(R47,T47,U47),"review: volatile physics",IF(COUNTIF(AA47,"*fire*")+COUNTIF(AA47,"*poison*")+COUNTIF(AA47,"*ice*")>=2,"review: multi-status synergy","ok"))),"invalid: level/price") -> review: balance outlier | AK47: =not_a_formula_0046 | AM47: 46039 | AN47: =P47<=Q47 -> TRUE
A48: itm_00047 | B48: Feral Coin of the Lost Cart | C48: A rare weaponmod that spoils coins if the player keeps moving. Generated test item #0047; element=Void; pool=Treasure. | D48: Rare | E48: 45 | F48: TRUE | G48: 343 | H48: 0 | I48: 1 | J48: 0 | K48: 0 | L48: 0 | M48: 0 | N48: 0 | O48: 0 | P48: 6 | Q48: 9 | R48: TRUE | S48: FALSE | T48: FALSE | U48: FALSE | V48: TRUE | W48: Void | X48: WeaponMod | Y48: Treasure | Z48: 3.064 | AA48: void | AB48: scr_item_feral_coin_of_the_lost_cart | AC48: seed=20260703; class_filter=Any; parser_note=row_47 | AD48: =ROUND(ABS(H48)*8+ABS(I48)*1.5+ABS(J48)*3+ABS(K48)*2+ABS(L48)*2+ABS(M48)*2+ABS(N48)*2+ABS(O48)*2+IF(D48="Legendary",10,IF(D48="Relic",12,IF(D48="Epic",7,IF(D48="Rare",4,IF(D48="Uncommon",2,IF(D48="Cursed",5,1)))))),2) -> 5.5 | AE48: =MAX(0,ROUND(E48*(1+AD48/25)+IF(R48,2,0)+IF(T48,4,0),0)) -> 57 | AF48: =Q48-P48+1 -> 4 | AG48: =LEN(C48) -> 118 | AH48: =IF(D48="Legendary","boss-vault",IF(D48="Relic","secret-room",IF(D48="Cursed","curse-room",IF(AD48>12,"rare-chest","standard")))) -> standard | AI48: =OR(H48<0,I48<0,J48<0,K48<0,L48<0,M48<0,N48<0,O48<0) -> FALSE | AJ48: =IF(AND(P48<=Q48,AE48>=0,AF48>0),IF(OR(AD48>18,AND(D48="Common",AD48>10),AND(D48="Legendary",AE48<80)),"review: balance outlier",IF(AND(R48,T48,U48),"review: volatile physics",IF(COUNTIF(AA48,"*fire*")+COUNTIF(AA48,"*poison*")+COUNTIF(AA48,"*ice*")>=2,"review: multi-status synergy","ok"))),"invalid: level/price") -> ok | AK48: =not_a_formula_0047 | AM48: 46085 | AN48: =P48<=Q48 -> TRUE
A49: itm_00048 | B49: Clockwork Whistle of Last Chances | C49: A common consumable that shrinks bombs while lowering control. Generated test item #0048; element=Lightning; pool=Arcade. | D49: Common | E49: 18 | F49: TRUE | G49: 356 | H49: 1.62 | I49: 0 | J49: 0 | K49: 1.02 | L49: 0 | M49: 0.26 | N49: 0 | O49: 0 | P49: 7 | Q49: 9 | R49: TRUE | S49: FALSE | T49: TRUE | U49: TRUE | V49: TRUE | W49: Lightning | X49: Consumable | Y49: Arcade | Z49: 0.756 | AA49: lightning,explosive | AB49: scr_item_clockwork_whistle_of_last_chances | AC49: seed=20260703; class_filter=Brawler; parser_note=row_48 | AD49: =ROUND(ABS(H49)*8+ABS(I49)*1.5+ABS(J49)*3+ABS(K49)*2+ABS(L49)*2+ABS(M49)*2+ABS(N49)*2+ABS(O49)*2+IF(D49="Legendary",10,IF(D49="Relic",12,IF(D49="Epic",7,IF(D49="Rare",4,IF(D49="Uncommon",2,IF(D49="Cursed",5,1)))))),2) -> 16.52 | AE49: =MAX(0,ROUND(E49*(1+AD49/25)+IF(R49,2,0)+IF(T49,4,0),0)) -> 36 | AF49: =Q49-P49+1 -> 3 | AG49: =LEN(C49) -> 121 | AH49: =IF(D49="Legendary","boss-vault",IF(D49="Relic","secret-room",IF(D49="Cursed","curse-room",IF(AD49>12,"rare-chest","standard")))) -> rare-chest | AI49: =OR(H49<0,I49<0,J49<0,K49<0,L49<0,M49<0,N49<0,O49<0) -> FALSE | AJ49: =IF(AND(P49<=Q49,AE49>=0,AF49>0),IF(OR(AD49>18,AND(D49="Common",AD49>10),AND(D49="Legendary",AE49<80)),"review: balance outlier",IF(AND(R49,T49,U49),"review: volatile physics",IF(COUNTIF(AA49,"*fire*")+COUNTIF(AA49,"*poison*")+COUNTIF(AA49,"*ice*")>=2,"review: multi-status synergy","ok"))),"invalid: level/price") -> review: balance outlier | AK49: =not_a_formula_0048 | AM49: 46088 | AN49: =P49<=Q49 -> TRUE
A50: itm_00049 | B50: Damp Fishbone of the Final Room | C50: A epic orbital that shrinks bullets after every third hit. Generated test item #0049; element=Ice; pool=Treasure. | D50: Epic | E50: 100 | F50: TRUE | G50: 1236 | H50: 0 | I50: 1 | J50: 0 | K50: 1.18 | L50: 0 | M50: 0 | N50: 0 | O50: -0.06 | P50: 9 | Q50: 9 | R50: FALSE | S50: TRUE | T50: FALSE | U50: FALSE | V50: TRUE | W50: Ice | X50: Orbital | Y50: Treasure | Z50: 0.248 | AA50: ice,poisonable,companion | AB50: scr_item_damp_fishbone_of_the_final_room | AC50: seed=20260703; class_filter=Brawler; parser_note=row_49 | AD50: =ROUND(ABS(H50)*8+ABS(I50)*1.5+ABS(J50)*3+ABS(K50)*2+ABS(L50)*2+ABS(M50)*2+ABS(N50)*2+ABS(O50)*2+IF(D50="Legendary",10,IF(D50="Relic",12,IF(D50="Epic",7,IF(D50="Rare",4,IF(D50="Uncommon",2,IF(D50="Cursed",5,1)))))),2) -> 10.98 | AE50: =MAX(0,ROUND(E50*(1+AD50/25)+IF(R50,2,0)+IF(T50,4,0),0)) -> 144 | AF50: =Q50-P50+1 -> 1 | AG50: =LEN(C50) -> 113 | AH50: =IF(D50="Legendary","boss-vault",IF(D50="Relic","secret-room",IF(D50="Cursed","curse-room",IF(AD50>12,"rare-chest","standard")))) -> standard | AI50: =OR(H50<0,I50<0,J50<0,K50<0,L50<0,M50<0,N50<0,O50<0) -> TRUE | AJ50: =IF(AND(P50<=Q50,AE50>=0,AF50>0),IF(OR(AD50>18,AND(D50="Common",AD50>10),AND(D50="Legendary",AE50<80)),"review: balance outlier",IF(AND(R50,T50,U50),"review: volatile physics",IF(COUNTIF(AA50,"*fire*")+COUNTIF(AA50,"*poison*")+COUNTIF(AA50,"*ice*")>=2,"review: multi-status synergy","ok"))),"invalid: level/price") -> review: multi-status synergy | AK50: =not_a_formula_0049 | AM50: 46202 | AN50: =P50<=Q50 -> TRUE
A51: itm_00050 | B51: Frosted Banana Peel of Slippery Angles | C51: A common orbital that haunts doors at a suspicious price. Generated test item #0050; element=None; pool=Shop. | D51: Common | E51: 24 | F51: TRUE | G51: 1794 | H51: 0 | I51: 0 | J51: 0 | K51: 0 | L51: 0.75 | M51: 0 | N51: 0 | O51: 0 | P51: 5 | Q51: 8 | R51: FALSE | S51: TRUE | T51: FALSE | U51: TRUE | V51: TRUE | W51: None | X51: Orbital | Y51: Shop | Z51: 2.932 | AA51: poisonable,companion | AB51: scr_item_frosted_banana_peel_of_slippery_angles | AC51: seed=20260703; class_filter=Brawler; parser_note=row_50 | AD51: =ROUND(ABS(H51)*8+ABS(I51)*1.5+ABS(J51)*3+ABS(K51)*2+ABS(L51)*2+ABS(M51)*2+ABS(N51)*2+ABS(O51)*2+IF(D51="Legendary",10,IF(D51="Relic",12,IF(D51="Epic",7,IF(D51="Rare",4,IF(D51="Uncommon",2,IF(D51="Cursed",5,1)))))),2) -> 2.5 | AE51: =MAX(0,ROUND(E51*(1+AD51/25)+IF(R51,2,0)+IF(T51,4,0),0)) -> 26 | AF51: =Q51-P51+1 -> 4 | AG51: =LEN(C51) -> 109 | AH51: =IF(D51="Legendary","boss-vault",IF(D51="Relic","secret-room",IF(D51="Cursed","curse-room",IF(AD51>12,"rare-chest","standard")))) -> standard | AI51: =OR(H51<0,I51<0,J51<0,K51<0,L51<0,M51<0,N51<0,O51<0) -> FALSE | AJ51: =IF(AND(P51<=Q51,AE51>=0,AF51>0),IF(OR(AD51>18,AND(D51="Common",AD51>10),AND(D51="Legendary",AE51<80)),"review: balance outlier",IF(AND(R51,T51,U51),"review: volatile physics",IF(COUNTIF(AA51,"*fire*")+COUNTIF(AA51,"*poison*")+COUNTIF(AA51,"*ice*")>=2,"review: multi-status synergy","ok"))),"invalid: level/price") -> ok | AK51: =not_a_formula_0050 | AL51: upg_037 | AM51: 46108 | AN51: =P51<=Q51 -> TRUE
A52: itm_00051 | B52: Wobbly Vial of Last Chances | C52: A uncommon orbital that polishes keys near breakable props. Generated test item #0051; element=Ice; pool=Arcade. | D52: Uncommon | E52: 25 | F52: TRUE | G52: 1960 | H52: 0.4 | I52: 1 | J52: 0 | K52: 0 | L52: 0 | M52: 0 | N52: 0 | O52: 0 | P52: 5 | Q52: 6 | R52: FALSE | S52: FALSE | T52: FALSE | U52: FALSE | V52: TRUE | W52: Ice | X52: Orbital | Y52: Arcade | Z52: 1.252 | AA52: ice,companion | AB52: scr_item_wobbly_vial_of_last_chances | AC52: seed=20260703; class_filter=Alchemist; parser_note=row_51 | AD52: =ROUND(ABS(H52)*8+ABS(I52)*1.5+ABS(J52)*3+ABS(K52)*2+ABS(L52)*2+ABS(M52)*2+ABS(N52)*2+ABS(O52)*2+IF(D52="Legendary",10,IF(D52="Relic",12,IF(D52="Epic",7,IF(D52="Rare",4,IF(D52="Uncommon",2,IF(D52="Cursed",5,1)))))),2) -> 6.7 | AE52: =MAX(0,ROUND(E52*(1+AD52/25)+IF(R52,2,0)+IF(T52,4,0),0)) -> 32 | AF52: =Q52-P52+1 -> 2 | AG52: =LEN(C52) -> 112 | AH52: =IF(D52="Legendary","boss-vault",IF(D52="Relic","secret-room",IF(D52="Cursed","curse-room",IF(AD52>12,"rare-chest","standard")))) -> standard | AI52: =OR(H52<0,I52<0,J52<0,K52<0,L52<0,M52<0,N52<0,O52<0) -> FALSE | AJ52: =IF(AND(P52<=Q52,AE52>=0,AF52>0),IF(OR(AD52>18,AND(D52="Common",AD52>10),AND(D52="Legendary",AE52<80)),"review: balance outlier",IF(AND(R52,T52,U52),"review: volatile physics",IF(COUNTIF(AA52,"*fire*")+COUNTIF(AA52,"*poison*")+COUNTIF(AA52,"*ice*")>=2,"review: multi-status synergy","ok"))),"invalid: level/price") -> ok | AK52: =not_a_formula_0051 | AM52: 46169 | AN52: =P52<=Q52 -> TRUE
A53: itm_00052 | B53: Hungry Crown of Pocket Suns | C53: A common charm that amplifies hearts at a suspicious price. Generated test item #0052; element=None; pool=Treasure. | D53: Common | E53: 25 | F53: TRUE | G53: 1215 | H53: 0 | I53: 0 | J53: 0.13 | K53: 0.52 | L53: 0.03 | M53: 0 | N53: 0 | O53: 0.99 | P53: 1 | Q53: 5 | R53: TRUE | S53: FALSE | T53: FALSE | U53: TRUE | V53: TRUE | W53: None | X53: Charm | Y53: Treasure | Z53: 1.032 | AA53: neutral | AB53: scr_item_hungry_crown_of_pocket_suns | AC53: seed=20260703; class_filter=Alchemist; parser_note=row_52 | AD53: =ROUND(ABS(H53)*8+ABS(I53)*1.5+ABS(J53)*3+ABS(K53)*2+ABS(L53)*2+ABS(M53)*2+ABS(N53)*2+ABS(O53)*2+IF(D53="Legendary",10,IF(D53="Relic",12,IF(D53="Epic",7,IF(D53="Rare",4,IF(D53="Uncommon",2,IF(D53="Cursed",5,1)))))),2) -> 4.47 | AE53: =MAX(0,ROUND(E53*(1+AD53/25)+IF(R53,2,0)+IF(T53,4,0),0)) -> 31 | AF53: =Q53-P53+1 -> 5 | AG53: =LEN(C53) -> 115 | AH53: =IF(D53="Legendary","boss-vault",IF(D53="Relic","secret-room",IF(D53="Cursed","curse-room",IF(AD53>12,"rare-chest","standard")))) -> standard | AI53: =OR(H53<0,I53<0,J53<0,K53<0,L53<0,M53<0,N53<0,O53<0) -> FALSE | AJ53: =IF(AND(P53<=Q53,AE53>=0,AF53>0),IF(OR(AD53>18,AND(D53="Common",AD53>10),AND(D53="Legendary",AE53<80)),"review: balance outlier",IF(AND(R53,T53,U53),"review: volatile physics",IF(COUNTIF(AA53,"*fire*")+COUNTIF(AA53,"*poison*")+COUNTIF(AA53,"*ice*")>=2,"review: multi-status synergy","ok"))),"invalid: level/price") -> ok | AK53: =not_a_formula_0052 | AM53: 46066 | AN53: =P53<=Q53 -> TRUE
A54: itm_00053 | B54: Mossy Crown of Slippery Angles | C54: A uncommon active that reroutes keys only when the room is clear. Generated test item #0053; element=Ice; pool=Treasure. | D54: Uncommon | E54: 44 | F54: FALSE | G54: 338 | H54: 0 | I54: 1 | J54: 0 | K54: 0.74 | L54: 0 | M54: 0.13 | N54: 0 | O54: 0.54 | P54: 5 | Q54: 10 | R54: FALSE | S54: TRUE | T54: FALSE | U54: FALSE | V54: TRUE | W54: Ice | X54: Active | Y54: Treasure | Z54: 1.89 | AA54: ice,poisonable | AB54: scr_item_mossy_crown_of_slippery_angles | AC54: seed=20260703; class_filter=Any; parser_note=row_53 | AD54: =ROUND(ABS(H54)*8+ABS(I54)*1.5+ABS(J54)*3+ABS(K54)*2+ABS(L54)*2+ABS(M54)*2+ABS(N54)*2+ABS(O54)*2+IF(D54="Legendary",10,IF(D54="Relic",12,IF(D54="Epic",7,IF(D54="Rare",4,IF(D54="Uncommon",2,IF(D54="Cursed",5,1)))))),2) -> 6.32 | AE54: =MAX(0,ROUND(E54*(1+AD54/25)+IF(R54,2,0)+IF(T54,4,0),0)) -> 55 | AF54: =Q54-P54+1 -> 6 | AG54: =LEN(C54) -> 120 | AH54: =IF(D54="Legendary","boss-vault",IF(D54="Relic","secret-room",IF(D54="Cursed","curse-room",IF(AD54>12,"rare-chest","standard")))) -> standard | AI54: =OR(H54<0,I54<0,J54<0,K54<0,L54<0,M54<0,N54<0,O54<0) -> FALSE | AJ54: =IF(AND(P54<=Q54,AE54>=0,AF54>0),IF(OR(AD54>18,AND(D54="Common",AD54>10),AND(D54="Legendary",AE54<80)),"review: balance outlier",IF(AND(R54,T54,U54),"review: volatile physics",IF(COUNTIF(AA54,"*fire*")+COUNTIF(AA54,"*poison*")+COUNTIF(AA54,"*ice*")>=2,"review: multi-status synergy","ok"))),"invalid: level/price") -> review: multi-status synergy | AK54: =not_a_formula_0053 | AL54: upg_191 | AM54: 46099 | AN54: =P54<=Q54 -> TRUE
A55: itm_00054 | B55: Static Key of the Hungry Door | C55: A relic relic that amplifies bombs but attracts trouble. Generated test item #0054; element=Slime; pool=Treasure. | D55: Relic | E55: 215 | F55: FALSE | G55: 1287 | H55: 0 | I55: 1 | J55: 0 | K55: 0 | L55: 0 | M55: 0 | N55: 0 | O55: 0 | P55: 9 | Q55: 9 | R55: FALSE | S55: FALSE | T55: FALSE | U55: TRUE | V55: FALSE | W55: Slime | X55: Relic | Y55: Treasure | Z55: 1.241 | AA55: slime,relic | AB55: scr_item_static_key_of_the_hungry_door | AC55: seed=20260703; class_filter=Engineer; parser_note=row_54 | AD55: =ROUND(ABS(H55)*8+ABS(I55)*1.5+ABS(J55)*3+ABS(K55)*2+ABS(L55)*2+ABS(M55)*2+ABS(N55)*2+ABS(O55)*2+IF(D55="Legendary",10,IF(D55="Relic",12,IF(D55="Epic",7,IF(D55="Rare",4,IF(D55="Uncommon",2,IF(D55="Cursed",5,1)))))),2) -> 13.5 | AE55: =MAX(0,ROUND(E55*(1+AD55/25)+IF(R55,2,0)+IF(T55,4,0),0)) -> 331 | AF55: =Q55-P55+1 -> 1 | AG55: =LEN(C55) -> 113 | AH55: =IF(D55="Legendary","boss-vault",IF(D55="Relic","secret-room",IF(D55="Cursed","curse-room",IF(AD55>12,"rare-chest","standard")))) -> secret-room | AI55: =OR(H55<0,I55<0,J55<0,K55<0,L55<0,M55<0,N55<0,O55<0) -> FALSE | AJ55: =IF(AND(P55<=Q55,AE55>=0,AF55>0),IF(OR(AD55>18,AND(D55="Common",AD55>10),AND(D55="Legendary",AE55<80)),"review: balance outlier",IF(AND(R55,T55,U55),"review: volatile physics",IF(COUNTIF(AA55,"*fire*")+COUNTIF(AA55,"*poison*")+COUNTIF(AA55,"*ice*")>=2,"review: multi-status synergy","ok"))),"invalid: level/price") -> ok | AK55: =not_a_formula_0054 | AM55: 46166 | AN55: =P55<=Q55 -> TRUE
A56: itm_00055 | B56: Frosted Donut of Double Trouble | C56: A rare consumable that taxes hearts but attracts trouble. Generated test item #0055; element=Slime; pool=Treasure. | D56: Rare | E56: 46 | F56: FALSE | G56: 1825 | H56: 0.08 | I56: 0 | J56: 0 | K56: 0.94 | L56: 0 | M56: 0.08 | N56: 0 | O56: 0 | P56: 5 | Q56: 6 | R56: TRUE | S56: FALSE | T56: FALSE | U56: TRUE | V56: TRUE | W56: Slime | X56: Consumable | Y56: Treasure | Z56: 2.995 | AA56: slime | AB56: scr_item_frosted_donut_of_double_trouble | AC56: seed=20260703; class_filter=Any; parser_note=row_55 | AD56: =ROUND(ABS(H56)*8+ABS(I56)*1.5+ABS(J56)*3+ABS(K56)*2+ABS(L56)*2+ABS(M56)*2+ABS(N56)*2+ABS(O56)*2+IF(D56="Legendary",10,IF(D56="Relic",12,IF(D56="Epic",7,IF(D56="Rare",4,IF(D56="Uncommon",2,IF(D56="Cursed",5,1)))))),2) -> 6.68 | AE56: =MAX(0,ROUND(E56*(1+AD56/25)+IF(R56,2,0)+IF(T56,4,0),0)) -> 60 | AF56: =Q56-P56+1 -> 2 | AG56: =LEN(C56) -> 114 | AH56: =IF(D56="Legendary","boss-vault",IF(D56="Relic","secret-room",IF(D56="Cursed","curse-room",IF(AD56>12,"rare-chest","standard")))) -> standard | AI56: =OR(H56<0,I56<0,J56<0,K56<0,L56<0,M56<0,N56<0,O56<0) -> FALSE | AJ56: =IF(AND(P56<=Q56,AE56>=0,AF56>0),IF(OR(AD56>18,AND(D56="Common",AD56>10),AND(D56="Legendary",AE56<80)),"review: balance outlier",IF(AND(R56,T56,U56),"review: volatile physics",IF(COUNTIF(AA56,"*fire*")+COUNTIF(AA56,"*poison*")+COUNTIF(AA56,"*ice*")>=2,"review: multi-status synergy","ok"))),"invalid: level/price") -> ok | AK56: =not_a_formula_0055 | AM56: 46133 | AN56: =P56<=Q56 -> TRUE
A57: itm_00056 | B57: Recursive Rocket of Slippery Angles | C57: A uncommon passive that spoils shops when luck disagrees. Generated test item #0056; element=None; pool=Boss. | D57: Uncommon | E57: 32 | F57: TRUE | G57: 1506 | H57: 1.23 | I57: 0 | J57: 0.52 | K57: 0.29 | L57: 0 | M57: 0 | N57: 0 | O57: 0.24 | P57: 6 | Q57: 9 | R57: FALSE | S57: TRUE | T57: FALSE | U57: TRUE | V57: TRUE | W57: None | X57: Passive | Y57: Boss | Z57: 0.35 | AA57: poisonable | AB57: scr_item_recursive_rocket_of_slippery_angles | AC57: seed=20260703; class_filter=Gunner; parser_note=row_56 | AD57: =ROUND(ABS(H57)*8+ABS(I57)*1.5+ABS(J57)*3+ABS(K57)*2+ABS(L57)*2+ABS(M57)*2+ABS(N57)*2+ABS(O57)*2+IF(D57="Legendary",10,IF(D57="Relic",12,IF(D57="Epic",7,IF(D57="Rare",4,IF(D57="Uncommon",2,IF(D57="Cursed",5,1)))))),2) -> 14.46 | AE57: =MAX(0,ROUND(E57*(1+AD57/25)+IF(R57,2,0)+IF(T57,4,0),0)) -> 51 | AF57: =Q57-P57+1 -> 4 | AG57: =LEN(C57) -> 109 | AH57: =IF(D57="Legendary","boss-vault",IF(D57="Relic","secret-room",IF(D57="Cursed","curse-room",IF(AD57>12,"rare-chest","standard")))) -> rare-chest | AI57: =OR(H57<0,I57<0,J57<0,K57<0,L57<0,M57<0,N57<0,O57<0) -> FALSE | AJ57: =IF(AND(P57<=Q57,AE57>=0,AF57>0),IF(OR(AD57>18,AND(D57="Common",AD57>10),AND(D57="Legendary",AE57<80)),"review: balance outlier",IF(AND(R57,T57,U57),"review: volatile physics",IF(COUNTIF(AA57,"*fire*")+COUNTIF(AA57,"*poison*")+COUNTIF(AA57,"*ice*")>=2,"review: multi-status synergy","ok"))),"invalid: level/price") -> ok | AK57: =not_a_formula_0056 | AL57: upg_174 | AM57: 46150 | AN57: =P57<=Q57 -> TRUE
A58: itm_00057 | B58: Tiny Banana Peel of the Basement | C58: A common relic that shrinks keys while lowering control. Generated test item #0057; element=Ice; pool=Challenge. | D58: Common | E58: 18 | F58: TRUE | G58: 1844 | H58: 0.89 | I58: 0 | J58: 0 | K58: -0.3 | L58: 0 | M58: 0 | N58: 0 | O58: 0 | P58: 3 | Q58: 5 | R58: FALSE | S58: FALSE | T58: FALSE | U58: FALSE | V58: FALSE | W58: Ice | X58: Relic | Y58: Challenge | Z58: 3.205 | AA58: ice | AB58: scr_item_tiny_banana_peel_of_the_basement | AC58: seed=20260703; class_filter=Any; parser_note=row_57 | AD58: =ROUND(ABS(H58)*8+ABS(I58)*1.5+ABS(J58)*3+ABS(K58)*2+ABS(L58)*2+ABS(M58)*2+ABS(N58)*2+ABS(O58)*2+IF(D58="Legendary",10,IF(D58="Relic",12,IF(D58="Epic",7,IF(D58="Rare",4,IF(D58="Uncommon",2,IF(D58="Cursed",5,1)))))),2) -> 8.72 | AE58: =MAX(0,ROUND(E58*(1+AD58/25)+IF(R58,2,0)+IF(T58,4,0),0)) -> 24 | AF58: =Q58-P58+1 -> 3 | AG58: =LEN(C58) -> 112 | AH58: =IF(D58="Legendary","boss-vault",IF(D58="Relic","secret-room",IF(D58="Cursed","curse-room",IF(AD58>12,"rare-chest","standard")))) -> standard | AI58: =OR(H58<0,I58<0,J58<0,K58<0,L58<0,M58<0,N58<0,O58<0) -> TRUE | AJ58: =IF(AND(P58<=Q58,AE58>=0,AF58>0),IF(OR(AD58>18,AND(D58="Common",AD58>10),AND(D58="Legendary",AE58<80)),"review: balance outlier",IF(AND(R58,T58,U58),"review: volatile physics",IF(COUNTIF(AA58,"*fire*")+COUNTIF(AA58,"*poison*")+COUNTIF(AA58,"*ice*")>=2,"review: multi-status synergy","ok"))),"invalid: level/price") -> ok | AK58: =not_a_formula_0057 | AL58: upg_031 | AM58: 46038 | AN58: =P58<=Q58 -> TRUE
A59: itm_00058 | B59: Cracked Lantern of Pocket Suns | C59: A rare consumable that reroutes bullets near breakable props. Generated test item #0058; element=Slime; pool=Treasure. | D59: Rare | E59: 71 | F59: TRUE | G59: 477 | H59: -0.12 | I59: 2 | J59: 0 | K59: 0 | L59: 0.73 | M59: 0 | N59: 0 | O59: 0 | P59: 3 | Q59: 9 | R59: TRUE | S59: FALSE | T59: FALSE | U59: FALSE | V59: TRUE | W59: Slime | X59: Consumable | Y59: Treasure | Z59: 2.658 | AA59: slime | AB59: scr_item_cracked_lantern_of_pocket_suns | AC59: seed=20260703; class_filter=Monk; parser_note=row_58 | AD59: =ROUND(ABS(H59)*8+ABS(I59)*1.5+ABS(J59)*3+ABS(K59)*2+ABS(L59)*2+ABS(M59)*2+ABS(N59)*2+ABS(O59)*2+IF(D59="Legendary",10,IF(D59="Relic",12,IF(D59="Epic",7,IF(D59="Rare",4,IF(D59="Uncommon",2,IF(D59="Cursed",5,1)))))),2) -> 9.42 | AE59: =MAX(0,ROUND(E59*(1+AD59/25)+IF(R59,2,0)+IF(T59,4,0),0)) -> 100 | AF59: =Q59-P59+1 -> 7 | AG59: =LEN(C59) -> 118 | AH59: =IF(D59="Legendary","boss-vault",IF(D59="Relic","secret-room",IF(D59="Cursed","curse-room",IF(AD59>12,"rare-chest","standard")))) -> standard | AI59: =OR(H59<0,I59<0,J59<0,K59<0,L59<0,M59<0,N59<0,O59<0) -> TRUE | AJ59: =IF(AND(P59<=Q59,AE59>=0,AF59>0),IF(OR(AD59>18,AND(D59="Common",AD59>10),AND(D59="Legendary",AE59<80)),"review: balance outlier",IF(AND(R59,T59,U59),"review: volatile physics",IF(COUNTIF(AA59,"*fire*")+COUNTIF(AA59,"*poison*")+COUNTIF(AA59,"*ice*")>=2,"review: multi-status synergy","ok"))),"invalid: level/price") -> ok | AK59: =not_a_formula_0058 | AL59: upg_072 | AM59: 46060 | AN59: =P59<=Q59 -> TRUE
A60: itm_00059 | B60: Sour Dice of Tuesday | C60: A common active that spoils bombs while lowering control. Generated test item #0059; element=Slime; pool=Treasure. | D60: Common | E60: 23 | F60: TRUE | G60: 1480 | H60: 0.99 | I60: 1 | J60: 0 | K60: 0 | L60: -0.1 | M60: 0 | N60: 0 | O60: 0 | P60: 4 | Q60: 9 | R60: TRUE | S60: TRUE | T60: FALSE | U60: FALSE | V60: TRUE | W60: Slime | X60: Active | Y60: Treasure | Z60: 2.915 | AA60: slime,poisonable | AB60: scr_item_sour_dice_of_tuesday | AC60: seed=20260703; class_filter=Engineer; parser_note=row_59 | AD60: =ROUND(ABS(H60)*8+ABS(I60)*1.5+ABS(J60)*3+ABS(K60)*2+ABS(L60)*2+ABS(M60)*2+ABS(N60)*2+ABS(O60)*2+IF(D60="Legendary",10,IF(D60="Relic",12,IF(D60="Epic",7,IF(D60="Rare",4,IF(D60="Uncommon",2,IF(D60="Cursed",5,1)))))),2) -> 10.62 | AE60: =MAX(0,ROUND(E60*(1+AD60/25)+IF(R60,2,0)+IF(T60,4,0),0)) -> 35 | AF60: =Q60-P60+1 -> 6 | AG60: =LEN(C60) -> 114 | AH60: =IF(D60="Legendary","boss-vault",IF(D60="Relic","secret-room",IF(D60="Cursed","curse-room",IF(AD60>12,"rare-chest","standard")))) -> standard | AI60: =OR(H60<0,I60<0,J60<0,K60<0,L60<0,M60<0,N60<0,O60<0) -> TRUE | AJ60: =IF(AND(P60<=Q60,AE60>=0,AF60>0),IF(OR(AD60>18,AND(D60="Common",AD60>10),AND(D60="Legendary",AE60<80)),"review: balance outlier",IF(AND(R60,T60,U60),"review: volatile physics",IF(COUNTIF(AA60,"*fire*")+COUNTIF(AA60,"*poison*")+COUNTIF(AA60,"*ice*")>=2,"review: multi-status synergy","ok"))),"invalid: level/price") -> review: balance outlier | AK60: =not_a_formula_0059 | AL60: upg_177 | AM60: 46043 | AN60: =P60<=Q60 -> TRUE
A61: itm_00060 | B61: Radiant Orb of Refunds | C61: A common passive that spoils bullets but attracts trouble. Generated test item #0060; element=None; pool=Boss. | D61: Common | E61: 14 | F61: TRUE | G61: 1847 | H61: 0.8 | I61: 0 | J61: 0.24 | K61: 0 | L61: 0 | M61: 0 | N61: 0 | O61: -0.17 | P61: 8 | Q61: 9 | R61: FALSE | S61: FALSE | T61: FALSE | U61: TRUE | V61: FALSE | W61: None | X61: Passive | Y61: Boss | Z61: 1.123 | AA61: neutral | AB61: scr_item_radiant_orb_of_refunds | AC61: seed=20260703; class_filter=Any; parser_note=row_60 | AD61: =ROUND(ABS(H61)*8+ABS(I61)*1.5+ABS(J61)*3+ABS(K61)*2+ABS(L61)*2+ABS(M61)*2+ABS(N61)*2+ABS(O61)*2+IF(D61="Legendary",10,IF(D61="Relic",12,IF(D61="Epic",7,IF(D61="Rare",4,IF(D61="Uncommon",2,IF(D61="Cursed",5,1)))))),2) -> 8.46 | AE61: =MAX(0,ROUND(E61*(1+AD61/25)+IF(R61,2,0)+IF(T61,4,0),0)) -> 19 | AF61: =Q61-P61+1 -> 2 | AG61: =LEN(C61) -> 110 | AH61: =IF(D61="Legendary","boss-vault",IF(D61="Relic","secret-room",IF(D61="Cursed","curse-room",IF(AD61>12,"rare-chest","standard")))) -> standard | AI61: =OR(H61<0,I61<0,J61<0,K61<0,L61<0,M61<0,N61<0,O61<0) -> TRUE | AJ61: =IF(AND(P61<=Q61,AE61>=0,AF61>0),IF(OR(AD61>18,AND(D61="Common",AD61>10),AND(D61="Legendary",AE61<80)),"review: balance outlier",IF(AND(R61,T61,U61),"review: volatile physics",IF(COUNTIF(AA61,"*fire*")+COUNTIF(AA61,"*poison*")+COUNTIF(AA61,"*ice*")>=2,"review: multi-status synergy","ok"))),"invalid: level/price") -> ok | AK61: =not_a_formula_0060 | AL61: upg_016 | AM61: 46122 | AN61: =P61<=Q61 -> TRUE
A62: itm_00061 | B62: Frosted Skull of the Lost Cart | C62: A uncommon passive that duplicates doors when luck disagrees. Generated test item #0061; element=None; pool=Challenge. | D62: Uncommon | E62: 36 | F62: FALSE | G62: 401 | H62: 0 | I62: -1 | J62: 0.1 | K62: 0 | L62: 0 | M62: 0 | N62: 1.09 | O62: 0 | P62: 5 | Q62: 8 | R62: FALSE | S62: FALSE | T62: TRUE | U62: FALSE | V62: FALSE | W62: None | X62: Passive | Y62: Challenge | Z62: 0.341 | AA62: explosive | AB62: scr_item_frosted_skull_of_the_lost_cart | AC62: seed=20260703; class_filter=Gunner; parser_note=row_61 | AD62: =ROUND(ABS(H62)*8+ABS(I62)*1.5+ABS(J62)*3+ABS(K62)*2+ABS(L62)*2+ABS(M62)*2+ABS(N62)*2+ABS(O62)*2+IF(D62="Legendary",10,IF(D62="Relic",12,IF(D62="Epic",7,IF(D62="Rare",4,IF(D62="Uncommon",2,IF(D62="Cursed",5,1)))))),2) -> 5.98 | AE62: =MAX(0,ROUND(E62*(1+AD62/25)+IF(R62,2,0)+IF(T62,4,0),0)) -> 49 | AF62: =Q62-P62+1 -> 4 | AG62: =LEN(C62) -> 118 | AH62: =IF(D62="Legendary","boss-vault",IF(D62="Relic","secret-room",IF(D62="Cursed","curse-room",IF(AD62>12,"rare-chest","standard")))) -> standard | AI62: =OR(H62<0,I62<0,J62<0,K62<0,L62<0,M62<0,N62<0,O62<0) -> TRUE | AJ62: =IF(AND(P62<=Q62,AE62>=0,AF62>0),IF(OR(AD62>18,AND(D62="Common",AD62>10),AND(D62="Legendary",AE62<80)),"review: balance outlier",IF(AND(R62,T62,U62),"review: volatile physics",IF(COUNTIF(AA62,"*fire*")+COUNTIF(AA62,"*poison*")+COUNTIF(AA62,"*ice*")>=2,"review: multi-status synergy","ok"))),"invalid: level/price") -> ok | AK62: =not_a_formula_0061 | AL62: upg_133 | AM62: 46134 | AN62: =P62<=Q62 -> TRUE
A63: itm_00062 | B63: Hungry Mushroom of the Hungry Door | C63: A common weaponmod that shrinks doors but attracts trouble. Generated test item #0062; element=Ice; pool=Shop. | D63: Common | E63: 14 | F63: FALSE | G63: 1241 | H63: 0 | I63: 1 | J63: 0 | K63: 0 | L63: 0 | M63: 0 | N63: 2.34 | O63: 0 | P63: 2 | Q63: 3 | R63: FALSE | S63: FALSE | T63: FALSE | U63: FALSE | V63: FALSE | W63: Ice | X63: WeaponMod | Y63: Shop | Z63: 3.411 | AA63: ice | AB63: scr_item_hungry_mushroom_of_the_hungry_door | AC63: seed=20260703; class_filter=Any; parser_note=row_62 | AD63: =ROUND(ABS(H63)*8+ABS(I63)*1.5+ABS(J63)*3+ABS(K63)*2+ABS(L63)*2+ABS(M63)*2+ABS(N63)*2+ABS(O63)*2+IF(D63="Legendary",10,IF(D63="Relic",12,IF(D63="Epic",7,IF(D63="Rare",4,IF(D63="Uncommon",2,IF(D63="Cursed",5,1)))))),2) -> 7.18 | AE63: =MAX(0,ROUND(E63*(1+AD63/25)+IF(R63,2,0)+IF(T63,4,0),0)) -> 18 | AF63: =Q63-P63+1 -> 2 | AG63: =LEN(C63) -> 110 | AH63: =IF(D63="Legendary","boss-vault",IF(D63="Relic","secret-room",IF(D63="Cursed","curse-room",IF(AD63>12,"rare-chest","standard")))) -> standard | AI63: =OR(H63<0,I63<0,J63<0,K63<0,L63<0,M63<0,N63<0,O63<0) -> FALSE | AJ63: =IF(AND(P63<=Q63,AE63>=0,AF63>0),IF(OR(AD63>18,AND(D63="Common",AD63>10),AND(D63="Legendary",AE63<80)),"review: balance outlier",IF(AND(R63,T63,U63),"review: volatile physics",IF(COUNTIF(AA63,"*fire*")+COUNTIF(AA63,"*poison*")+COUNTIF(AA63,"*ice*")>=2,"review: multi-status synergy","ok"))),"invalid: level/price") -> ok | AK63: =not_a_formula_0062 | AL63: upg_088 | AM63: 46063 | AN63: =P63<=Q63 -> TRUE
A64: itm_00063 | B64: Tiny Magnet of the Basement | C64: A common familiar that warps doors if the player keeps moving. Generated test item #0063; element=Cosmic; pool=Shop. | D64: Common | E64: 17 | F64: TRUE | G64: 670 | H64: 1.3 | I64: 0 | J64: 0.22 | K64: -0.22 | L64: 0 | M64: -0.15 | N64: -0.73 | O64: 0.65 | P64: 8 | Q64: 10 | R64: FALSE | S64: FALSE | T64: FALSE | U64: TRUE | V64: TRUE | W64: Cosmic | X64: Familiar | Y64: Shop | Z64: 0.1 | AA64: cosmic,companion | AB64: scr_item_tiny_magnet_of_the_basement | AC64: seed=20260703; class_filter=Brawler; parser_note=row_63 | AD64: =ROUND(ABS(H64)*8+ABS(I64)*1.5+ABS(J64)*3+ABS(K64)*2+ABS(L64)*2+ABS(M64)*2+ABS(N64)*2+ABS(O64)*2+IF(D64="Legendary",10,IF(D64="Relic",12,IF(D64="Epic",7,IF(D64="Rare",4,IF(D64="Uncommon",2,IF(D64="Cursed",5,1)))))),2) -> 15.56 | AE64: =MAX(0,ROUND(E64*(1+AD64/25)+IF(R64,2,0)+IF(T64,4,0),0)) -> 28 | AF64: =Q64-P64+1 -> 3 | AG64: =LEN(C64) -> 116 | AH64: =IF(D64="Legendary","boss-vault",IF(D64="Relic","secret-room",IF(D64="Cursed","curse-room",IF(AD64>12,"rare-chest","standard")))) -> rare-chest | AI64: =OR(H64<0,I64<0,J64<0,K64<0,L64<0,M64<0,N64<0,O64<0) -> TRUE | AJ64: =IF(AND(P64<=Q64,AE64>=0,AF64>0),IF(OR(AD64>18,AND(D64="Common",AD64>10),AND(D64="Legendary",AE64<80)),"review: balance outlier",IF(AND(R64,T64,U64),"review: volatile physics",IF(COUNTIF(AA64,"*fire*")+COUNTIF(AA64,"*poison*")+COUNTIF(AA64,"*ice*")>=2,"review: multi-status synergy","ok"))),"invalid: level/price") -> review: balance outlier | AK64: =not_a_formula_0063 | AM64: 46157 | AN64: =P64<=Q64 -> TRUE
A65: itm_00064 | B65: Feral Button of Slippery Angles | C65: A common weaponmod that warps familiars if the player keeps moving. Generated test item #0064; element=Slime; pool=Treasure. | D65: Common | E65: 24 | F65: TRUE | G65: 197 | H65: 0.88 | I65: 1 | J65: 0 | K65: 0 | L65: 0.8 | M65: 0 | N65: 0 | O65: 0 | P65: 3 | Q65: 6 | R65: FALSE | S65: TRUE | T65: FALSE | U65: TRUE | V65: TRUE | W65: Slime | X65: WeaponMod | Y65: Treasure | Z65: 2.598 | AA65: slime,poisonable | AB65: scr_item_feral_button_of_slippery_angles | AC65: seed=20260703; class_filter=Rogue; parser_note=row_64 | AD65: =ROUND(ABS(H65)*8+ABS(I65)*1.5+ABS(J65)*3+ABS(K65)*2+ABS(L65)*2+ABS(M65)*2+ABS(N65)*2+ABS(O65)*2+IF(D65="Legendary",10,IF(D65="Relic",12,IF(D65="Epic",7,IF(D65="Rare",4,IF(D65="Uncommon",2,IF(D65="Cursed",5,1)))))),2) -> 11.14 | AE65: =MAX(0,ROUND(E65*(1+AD65/25)+IF(R65,2,0)+IF(T65,4,0),0)) -> 35 | AF65: =Q65-P65+1 -> 4 | AG65: =LEN(C65) -> 124 | AH65: =IF(D65="Legendary","boss-vault",IF(D65="Relic","secret-room",IF(D65="Cursed","curse-room",IF(AD65>12,"rare-chest","standard")))) -> standard | AI65: =OR(H65<0,I65<0,J65<0,K65<0,L65<0,M65<0,N65<0,O65<0) -> FALSE | AJ65: =IF(AND(P65<=Q65,AE65>=0,AF65>0),IF(OR(AD65>18,AND(D65="Common",AD65>10),AND(D65="Legendary",AE65<80)),"review: balance outlier",IF(AND(R65,T65,U65),"review: volatile physics",IF(COUNTIF(AA65,"*fire*")+COUNTIF(AA65,"*poison*")+COUNTIF(AA65,"*ice*")>=2,"review: multi-status synergy","ok"))),"invalid: level/price") -> review: balance outlier | AK65: =not_a_formula_0064 | AM65: 46101 | AN65: =P65<=Q65 -> TRUE
A66: itm_00065 | B66: Bitter Mushroom of Last Chances | C66: A common relic that nudges bullets near breakable props. Generated test item #0065; element=None; pool=Treasure. | D66: Common | E66: 41 | F66: TRUE | G66: 1543 | H66: 0 | I66: 0 | J66: 0 | K66: 0 | L66: 0 | M66: 0.29 | N66: 0 | O66: 0 | P66: 2 | Q66: 10 | R66: FALSE | S66: FALSE | T66: FALSE | U66: TRUE | V66: FALSE | W66: None | X66: Relic | Y66: Treasure | Z66: 1.718 | AA66: neutral | AB66: scr_item_bitter_mushroom_of_last_chances | AC66: seed=20260703; class_filter=Any; parser_note=row_65 | AD66: =ROUND(ABS(H66)*8+ABS(I66)*1.5+ABS(J66)*3+ABS(K66)*2+ABS(L66)*2+ABS(M66)*2+ABS(N66)*2+ABS(O66)*2+IF(D66="Legendary",10,IF(D66="Relic",12,IF(D66="Epic",7,IF(D66="Rare",4,IF(D66="Uncommon",2,IF(D66="Cursed",5,1)))))),2) -> 1.58 | AE66: =MAX(0,ROUND(E66*(1+AD66/25)+IF(R66,2,0)+IF(T66,4,0),0)) -> 44 | AF66: =Q66-P66+1 -> 9 | AG66: =LEN(C66) -> 112 | AH66: =IF(D66="Legendary","boss-vault",IF(D66="Relic","secret-room",IF(D66="Cursed","curse-room",IF(AD66>12,"rare-chest","standard")))) -> standard | AI66: =OR(H66<0,I66<0,J66<0,K66<0,L66<0,M66<0,N66<0,O66<0) -> FALSE | AJ66: =IF(AND(P66<=Q66,AE66>=0,AF66>0),IF(OR(AD66>18,AND(D66="Common",AD66>10),AND(D66="Legendary",AE66<80)),"review: balance outlier",IF(AND(R66,T66,U66),"review: volatile physics",IF(COUNTIF(AA66,"*fire*")+COUNTIF(AA66,"*poison*")+COUNTIF(AA66,"*ice*")>=2,"review: multi-status synergy","ok"))),"invalid: level/price") -> ok | AK66: =not_a_formula_0065 | AL66: upg_054 | AM66: 46198 | AN66: =P66<=Q66 -> TRUE
A67: itm_00066 | B67: Patchwork Key of the Final Room | C67: A common weaponmod that shrinks bullets only when the room is clear. Generated test item #0066; element=Void; pool=Boss. | D67: Common | E67: 11 | F67: TRUE | G67: 447 | H67: 1.59 | I67: 1 | J67: 0 | K67: 0 | L67: 0 | M67: 0 | N67: 0 | O67: 0 | P67: 4 | Q67: 5 | R67: FALSE | S67: FALSE | T67: FALSE | U67: TRUE | V67: TRUE | W67: Void | X67: WeaponMod | Y67: Boss | Z67: 2.586 | AA67: void | AB67: scr_item_patchwork_key_of_the_final_room | AC67: seed=20260703; class_filter=Engineer; parser_note=row_66 | AD67: =ROUND(ABS(H67)*8+ABS(I67)*1.5+ABS(J67)*3+ABS(K67)*2+ABS(L67)*2+ABS(M67)*2+ABS(N67)*2+ABS(O67)*2+IF(D67="Legendary",10,IF(D67="Relic",12,IF(D67="Epic",7,IF(D67="Rare",4,IF(D67="Uncommon",2,IF(D67="Cursed",5,1)))))),2) -> 15.22 | AE67: =MAX(0,ROUND(E67*(1+AD67/25)+IF(R67,2,0)+IF(T67,4,0),0)) -> 18 | AF67: =Q67-P67+1 -> 2 | AG67: =LEN(C67) -> 120 | AH67: =IF(D67="Legendary","boss-vault",IF(D67="Relic","secret-room",IF(D67="Cursed","curse-room",IF(AD67>12,"rare-chest","standard")))) -> rare-chest | AI67: =OR(H67<0,I67<0,J67<0,K67<0,L67<0,M67<0,N67<0,O67<0) -> FALSE | AJ67: =IF(AND(P67<=Q67,AE67>=0,AF67>0),IF(OR(AD67>18,AND(D67="Common",AD67>10),AND(D67="Legendary",AE67<80)),"review: balance outlier",IF(AND(R67,T67,U67),"review: volatile physics",IF(COUNTIF(AA67,"*fire*")+COUNTIF(AA67,"*poison*")+COUNTIF(AA67,"*ice*")>=2,"review: multi-status synergy","ok"))),"invalid: level/price") -> review: balance outlier | AK67: =not_a_formula_0066 | AL67: upg_077 | AM67: 46034 | AN67: =P67<=Q67 -> TRUE
A68: itm_00067 | B68: Wobbly Button of Worms | C68: A common active that shrinks shops after every third hit. Generated test item #0067; element=Slime; pool=Arcade. | D68: Common | E68: 19 | F68: TRUE | G68: 716 | H68: 0 | I68: 1 | J68: 0.33 | K68: 0 | L68: 0 | M68: 0 | N68: 0 | O68: -0.21 | P68: 3 | Q68: 6 | R68: FALSE | S68: TRUE | T68: FALSE | U68: FALSE | V68: FALSE | W68: Slime | X68: Active | Y68: Arcade | Z68: 1.775 | AA68: slime,poisonable | AB68: scr_item_wobbly_button_of_worms | AC68: seed=20260703; class_filter=Any; parser_note=row_67 | AD68: =ROUND(ABS(H68)*8+ABS(I68)*1.5+ABS(J68)*3+ABS(K68)*2+ABS(L68)*2+ABS(M68)*2+ABS(N68)*2+ABS(O68)*2+IF(D68="Legendary",10,IF(D68="Relic",12,IF(D68="Epic",7,IF(D68="Rare",4,IF(D68="Uncommon",2,IF(D68="Cursed",5,1)))))),2) -> 3.91 | AE68: =MAX(0,ROUND(E68*(1+AD68/25)+IF(R68,2,0)+IF(T68,4,0),0)) -> 22 | AF68: =Q68-P68+1 -> 4 | AG68: =LEN(C68) -> 112 | AH68: =IF(D68="Legendary","boss-vault",IF(D68="Relic","secret-room",IF(D68="Cursed","curse-room",IF(AD68>12,"rare-chest","standard")))) -> standard | AI68: =OR(H68<0,I68<0,J68<0,K68<0,L68<0,M68<0,N68<0,O68<0) -> TRUE | AJ68: =IF(AND(P68<=Q68,AE68>=0,AF68>0),IF(OR(AD68>18,AND(D68="Common",AD68>10),AND(D68="Legendary",AE68<80)),"review: balance outlier",IF(AND(R68,T68,U68),"review: volatile physics",IF(COUNTIF(AA68,"*fire*")+COUNTIF(AA68,"*poison*")+COUNTIF(AA68,"*ice*")>=2,"review: multi-status synergy","ok"))),"invalid: level/price") -> ok | AK68: =not_a_formula_0067 | AM68: 46112 | AN68: =P68<=Q68 -> TRUE
A69: itm_00068 | B69: Gilded Battery of Static | C69: A uncommon active that amplifies hearts only when the room is clear. Generated test item #0068; element=None; pool=Cursed. | D69: Uncommon | E69: 31 | F69: FALSE | G69: 1726 | H69: 0.04 | I69: 1 | J69: 0.4 | K69: -0.27 | L69: -0.02 | M69: -0.17 | N69: -0.98 | O69: -0.18 | P69: 9 | Q69: 10 | R69: FALSE | S69: TRUE | T69: FALSE | U69: FALSE | V69: FALSE | W69: None | X69: Active | Y69: Cursed | Z69: 3.146 | AA69: poisonable | AB69: scr_item_gilded_battery_of_static | AC69: seed=20260703; class_filter=Alchemist; parser_note=row_68 | AD69: =ROUND(ABS(H69)*8+ABS(I69)*1.5+ABS(J69)*3+ABS(K69)*2+ABS(L69)*2+ABS(M69)*2+ABS(N69)*2+ABS(O69)*2+IF(D69="Legendary",10,IF(D69="Relic",12,IF(D69="Epic",7,IF(D69="Rare",4,IF(D69="Uncommon",2,IF(D69="Cursed",5,1)))))),2) -> 8.26 | AE69: =MAX(0,ROUND(E69*(1+AD69/25)+IF(R69,2,0)+IF(T69,4,0),0)) -> 41 | AF69: =Q69-P69+1 -> 2 | AG69: =LEN(C69) -> 122 | AH69: =IF(D69="Legendary","boss-vault",IF(D69="Relic","secret-room",IF(D69="Cursed","curse-room",IF(AD69>12,"rare-chest","standard")))) -> standard | AI69: =OR(H69<0,I69<0,J69<0,K69<0,L69<0,M69<0,N69<0,O69<0) -> TRUE | AJ69: =IF(AND(P69<=Q69,AE69>=0,AF69>0),IF(OR(AD69>18,AND(D69="Common",AD69>10),AND(D69="Legendary",AE69<80)),"review: balance outlier",IF(AND(R69,T69,U69),"review: volatile physics",IF(COUNTIF(AA69,"*fire*")+COUNTIF(AA69,"*poison*")+COUNTIF(AA69,"*ice*")>=2,"review: multi-status synergy","ok"))),"invalid: level/price") -> ok | AK69: =not_a_formula_0068 | AM69: 46092 | AN69: =P69<=Q69 -> TRUE
A70: itm_00069 | B70: Ancient Mirror of Pocket Suns | C70: A uncommon active that duplicates bullets after every third hit. Generated test item #0069; element=None; pool=Treasure. | D70: Uncommon | E70: 27 | F70: FALSE | G70: 2031 | H70: 0.36 | I70: 0 | J70: 0.41 | K70: 0 | L70: 0 | M70: -0.12 | N70: 1.2 | O70: 0.47 | P70: 2 | Q70: 4 | R70: FALSE | S70: FALSE | T70: TRUE | U70: FALSE | V70: TRUE | W70: None | X70: Active | Y70: Treasure | Z70: 1.473 | AA70: explosive | AB70: scr_item_ancient_mirror_of_pocket_suns | AC70: seed=20260703; class_filter=Rogue; parser_note=row_69 | AD70: =ROUND(ABS(H70)*8+ABS(I70)*1.5+ABS(J70)*3+ABS(K70)*2+ABS(L70)*2+ABS(M70)*2+ABS(N70)*2+ABS(O70)*2+IF(D70="Legendary",10,IF(D70="Relic",12,IF(D70="Epic",7,IF(D70="Rare",4,IF(D70="Uncommon",2,IF(D70="Cursed",5,1)))))),2) -> 9.69 | AE70: =MAX(0,ROUND(E70*(1+AD70/25)+IF(R70,2,0)+IF(T70,4,0),0)) -> 41 | AF70: =Q70-P70+1 -> 3 | AG70: =LEN(C70) -> 120 | AH70: =IF(D70="Legendary","boss-vault",IF(D70="Relic","secret-room",IF(D70="Cursed","curse-room",IF(AD70>12,"rare-chest","standard")))) -> standard | AI70: =OR(H70<0,I70<0,J70<0,K70<0,L70<0,M70<0,N70<0,O70<0) -> TRUE | AJ70: =IF(AND(P70<=Q70,AE70>=0,AF70>0),IF(OR(AD70>18,AND(D70="Common",AD70>10),AND(D70="Legendary",AE70<80)),"review: balance outlier",IF(AND(R70,T70,U70),"review: volatile physics",IF(COUNTIF(AA70,"*fire*")+COUNTIF(AA70,"*poison*")+COUNTIF(AA70,"*ice*")>=2,"review: multi-status synergy","ok"))),"invalid: level/price") -> ok | AK70: =not_a_formula_0069 | AM70: 46047 | AN70: =P70<=Q70 -> TRUE
A71: itm_00070 | B71: Hollow Magnet of the Glass Moon | C71: A common orbital that reroutes bombs at a suspicious price. Generated test item #0070; element=Poison; pool=Challenge. | D71: Common | E71: 12 | F71: TRUE | G71: 1382 | H71: 0.87 | I71: 1 | J71: 0 | K71: 0 | L71: 0 | M71: 0 | N71: -1.81 | O71: -0.04 | P71: 2 | Q71: 3 | R71: FALSE | S71: FALSE | T71: TRUE | U71: TRUE | V71: FALSE | W71: Poison | X71: Orbital | Y71: Challenge | Z71: 1.934 | AA71: poison,explosive,companion | AB71: scr_item_hollow_magnet_of_the_glass_moon | AC71: seed=20260703; class_filter=Engineer; parser_note=row_70 | AD71: =ROUND(ABS(H71)*8+ABS(I71)*1.5+ABS(J71)*3+ABS(K71)*2+ABS(L71)*2+ABS(M71)*2+ABS(N71)*2+ABS(O71)*2+IF(D71="Legendary",10,IF(D71="Relic",12,IF(D71="Epic",7,IF(D71="Rare",4,IF(D71="Uncommon",2,IF(D71="Cursed",5,1)))))),2) -> 13.16 | AE71: =MAX(0,ROUND(E71*(1+AD71/25)+IF(R71,2,0)+IF(T71,4,0),0)) -> 22 | AF71: =Q71-P71+1 -> 2 | AG71: =LEN(C71) -> 118 | AH71: =IF(D71="Legendary","boss-vault",IF(D71="Relic","secret-room",IF(D71="Cursed","curse-room",IF(AD71>12,"rare-chest","standard")))) -> rare-chest | AI71: =OR(H71<0,I71<0,J71<0,K71<0,L71<0,M71<0,N71<0,O71<0) -> TRUE | AJ71: =IF(AND(P71<=Q71,AE71>=0,AF71>0),IF(OR(AD71>18,AND(D71="Common",AD71>10),AND(D71="Legendary",AE71<80)),"review: balance outlier",IF(AND(R71,T71,U71),"review: volatile physics",IF(COUNTIF(AA71,"*fire*")+COUNTIF(AA71,"*poison*")+COUNTIF(AA71,"*ice*")>=2,"review: multi-status synergy","ok"))),"invalid: level/price") -> review: balance outlier | AK71: =not_a_formula_0070 | AM71: 46156 | AN71: =P71<=Q71 -> TRUE
A72: itm_00071 | B72: Clockwork Fishbone of the Hungry Door | C72: A common consumable that spoils coins but attracts trouble. Generated test item #0071; element=Poison; pool=Treasure. | D72: Common | E72: 17 | F72: TRUE | G72: 978 | H72: 1.46 | I72: -1 | J72: 0.43 | K72: 0 | L72: 0.64 | M72: 0 | N72: 0 | O72: 0 | P72: 5 | Q72: 6 | R72: TRUE | S72: FALSE | T72: FALSE | U72: TRUE | V72: TRUE | W72: Poison | X72: Consumable | Y72: Treasure | Z72: 0.958 | AA72: poison | AB72: scr_item_clockwork_fishbone_of_the_hungry_door | AC72: seed=20260703; class_filter=Gunner; parser_note=row_71 | AD72: =ROUND(ABS(H72)*8+ABS(I72)*1.5+ABS(J72)*3+ABS(K72)*2+ABS(L72)*2+ABS(M72)*2+ABS(N72)*2+ABS(O72)*2+IF(D72="Legendary",10,IF(D72="Relic",12,IF(D72="Epic",7,IF(D72="Rare",4,IF(D72="Uncommon",2,IF(D72="Cursed",5,1)))))),2) -> 16.75 | AE72: =MAX(0,ROUND(E72*(1+AD72/25)+IF(R72,2,0)+IF(T72,4,0),0)) -> 30 | AF72: =Q72-P72+1 -> 2 | AG72: =LEN(C72) -> 117 | AH72: =IF(D72="Legendary","boss-vault",IF(D72="Relic","secret-room",IF(D72="Cursed","curse-room",IF(AD72>12,"rare-chest","standard")))) -> rare-chest | AI72: =OR(H72<0,I72<0,J72<0,K72<0,L72<0,M72<0,N72<0,O72<0) -> TRUE | AJ72: =IF(AND(P72<=Q72,AE72>=0,AF72>0),IF(OR(AD72>18,AND(D72="Common",AD72>10),AND(D72="Legendary",AE72<80)),"review: balance outlier",IF(AND(R72,T72,U72),"review: volatile physics",IF(COUNTIF(AA72,"*fire*")+COUNTIF(AA72,"*poison*")+COUNTIF(AA72,"*ice*")>=2,"review: multi-status synergy","ok"))),"invalid: level/price") -> review: balance outlier | AK72: =not_a_formula_0071 | AM72: 46079 | AN72: =P72<=Q72 -> TRUE
A73: itm_00072 | B73: Cardboard Anchor of Pocket Suns | C73: A cursed active that taxes hearts while lowering control. Generated test item #0072; element=None; pool=Treasure. | D73: Cursed | E73: 34 | F73: TRUE | G73: 951 | H73: 1.37 | I73: 0 | J73: 0.08 | K73: 0.23 | L73: 0 | M73: 0 | N73: 0 | O73: 0.06 | P73: 3 | Q73: 7 | R73: FALSE | S73: TRUE | T73: FALSE | U73: TRUE | V73: TRUE | W73: None | X73: Active | Y73: Treasure | Z73: 3.241 | AA73: poisonable,cursed | AB73: scr_item_cardboard_anchor_of_pocket_suns | AC73: seed=20260703; class_filter=Witch; parser_note=row_72 | AD73: =ROUND(ABS(H73)*8+ABS(I73)*1.5+ABS(J73)*3+ABS(K73)*2+ABS(L73)*2+ABS(M73)*2+ABS(N73)*2+ABS(O73)*2+IF(D73="Legendary",10,IF(D73="Relic",12,IF(D73="Epic",7,IF(D73="Rare",4,IF(D73="Uncommon",2,IF(D73="Cursed",5,1)))))),2) -> 16.78 | AE73: =MAX(0,ROUND(E73*(1+AD73/25)+IF(R73,2,0)+IF(T73,4,0),0)) -> 57 | AF73: =Q73-P73+1 -> 5 | AG73: =LEN(C73) -> 113 | AH73: =IF(D73="Legendary","boss-vault",IF(D73="Relic","secret-room",IF(D73="Cursed","curse-room",IF(AD73>12,"rare-chest","standard")))) -> curse-room | AI73: =OR(H73<0,I73<0,J73<0,K73<0,L73<0,M73<0,N73<0,O73<0) -> FALSE | AJ73: =IF(AND(P73<=Q73,AE73>=0,AF73>0),IF(OR(AD73>18,AND(D73="Common",AD73>10),AND(D73="Legendary",AE73<80)),"review: balance outlier",IF(AND(R73,T73,U73),"review: volatile physics",IF(COUNTIF(AA73,"*fire*")+COUNTIF(AA73,"*poison*")+COUNTIF(AA73,"*ice*")>=2,"review: multi-status synergy","ok"))),"invalid: level/price") -> ok | AK73: =not_a_formula_0072 | AM73: 46186 | AN73: =P73<=Q73 -> TRUE
A74: itm_00073 | B74: Polished Lantern of Worms | C74: A common orbital that taxes doors near breakable props. Generated test item #0073; element=Poison; pool=Treasure. | D74: Common | E74: 19 | F74: FALSE | G74: 1011 | H74: 0.94 | I74: 0 | J74: 0 | K74: 0 | L74: 0.79 | M74: 0.41 | N74: 0 | O74: -0.08 | P74: 1 | Q74: 3 | R74: FALSE | S74: FALSE | T74: TRUE | U74: TRUE | V74: FALSE | W74: Poison | X74: Orbital | Y74: Treasure | Z74: 1.899 | AA74: poison,explosive,companion | AB74: scr_item_polished_lantern_of_worms | AC74: seed=20260703; class_filter=Brawler; parser_note=row_73 | AD74: =ROUND(ABS(H74)*8+ABS(I74)*1.5+ABS(J74)*3+ABS(K74)*2+ABS(L74)*2+ABS(M74)*2+ABS(N74)*2+ABS(O74)*2+IF(D74="Legendary",10,IF(D74="Relic",12,IF(D74="Epic",7,IF(D74="Rare",4,IF(D74="Uncommon",2,IF(D74="Cursed",5,1)))))),2) -> 11.08 | AE74: =MAX(0,ROUND(E74*(1+AD74/25)+IF(R74,2,0)+IF(T74,4,0),0)) -> 31 | AF74: =Q74-P74+1 -> 3 | AG74: =LEN(C74) -> 113 | AH74: =IF(D74="Legendary","boss-vault",IF(D74="Relic","secret-room",IF(D74="Cursed","curse-room",IF(AD74>12,"rare-chest","standard")))) -> standard | AI74: =OR(H74<0,I74<0,J74<0,K74<0,L74<0,M74<0,N74<0,O74<0) -> TRUE | AJ74: =IF(AND(P74<=Q74,AE74>=0,AF74>0),IF(OR(AD74>18,AND(D74="Common",AD74>10),AND(D74="Legendary",AE74<80)),"review: balance outlier",IF(AND(R74,T74,U74),"review: volatile physics",IF(COUNTIF(AA74,"*fire*")+COUNTIF(AA74,"*poison*")+COUNTIF(AA74,"*ice*")>=2,"review: multi-status synergy","ok"))),"invalid: level/price") -> review: balance outlier | AK74: =not_a_formula_0073 | AM74: 46145 | AN74: =P74<=Q74 -> TRUE
A75: itm_00074 | B75: Ancient Sock of Tiny Doom | C75: A uncommon orbital that nudges keys after every third hit. Generated test item #0074; element=None; pool=Treasure. | D75: Uncommon | E75: 34 | F75: TRUE | G75: 756 | H75: 0 | I75: 0 | J75: -0.29 | K75: 0.03 | L75: 0 | M75: 0.26 | N75: 2.77 | O75: 0 | P75: 6 | Q75: 9 | R75: FALSE | S75: FALSE | T75: FALSE | U75: TRUE | V75: TRUE | W75: None | X75: Orbital | Y75: Treasure | Z75: 3.015 | AA75: companion | AB75: scr_item_ancient_sock_of_tiny_doom | AC75: seed=20260703; class_filter=Engineer; parser_note=row_74 | AD75: =ROUND(ABS(H75)*8+ABS(I75)*1.5+ABS(J75)*3+ABS(K75)*2+ABS(L75)*2+ABS(M75)*2+ABS(N75)*2+ABS(O75)*2+IF(D75="Legendary",10,IF(D75="Relic",12,IF(D75="Epic",7,IF(D75="Rare",4,IF(D75="Uncommon",2,IF(D75="Cursed",5,1)))))),2) -> 8.99 | AE75: =MAX(0,ROUND(E75*(1+AD75/25)+IF(R75,2,0)+IF(T75,4,0),0)) -> 46 | AF75: =Q75-P75+1 -> 4 | AG75: =LEN(C75) -> 114 | AH75: =IF(D75="Legendary","boss-vault",IF(D75="Relic","secret-room",IF(D75="Cursed","curse-room",IF(AD75>12,"rare-chest","standard")))) -> standard | AI75: =OR(H75<0,I75<0,J75<0,K75<0,L75<0,M75<0,N75<0,O75<0) -> TRUE | AJ75: =IF(AND(P75<=Q75,AE75>=0,AF75>0),IF(OR(AD75>18,AND(D75="Common",AD75>10),AND(D75="Legendary",AE75<80)),"review: balance outlier",IF(AND(R75,T75,U75),"review: volatile physics",IF(COUNTIF(AA75,"*fire*")+COUNTIF(AA75,"*poison*")+COUNTIF(AA75,"*ice*")>=2,"review: multi-status synergy","ok"))),"invalid: level/price") -> ok | AK75: =not_a_formula_0074 | AM75: 46113 | AN75: =P75<=Q75 -> TRUE
A76: itm_00075 | B76: Haunted Teacup of Pocket Suns | C76: A uncommon relic that warps bombs at a suspicious price. Generated test item #0075; element=None; pool=Shop. | D76: Uncommon | E76: 47 | F76: TRUE | G76: 1276 | H76: 0 | I76: 0 | J76: 0 | K76: -0.17 | L76: 0 | M76: 0 | N76: 1.64 | O76: 0 | P76: 3 | Q76: 9 | R76: FALSE | S76: TRUE | T76: FALSE | U76: TRUE | V76: FALSE | W76: None | X76: Relic | Y76: Shop | Z76: 1.159 | AA76: poisonable | AB76: scr_item_haunted_teacup_of_pocket_suns | AC76: seed=20260703; class_filter=Engineer; parser_note=row_75 | AD76: =ROUND(ABS(H76)*8+ABS(I76)*1.5+ABS(J76)*3+ABS(K76)*2+ABS(L76)*2+ABS(M76)*2+ABS(N76)*2+ABS(O76)*2+IF(D76="Legendary",10,IF(D76="Relic",12,IF(D76="Epic",7,IF(D76="Rare",4,IF(D76="Uncommon",2,IF(D76="Cursed",5,1)))))),2) -> 5.62 | AE76: =MAX(0,ROUND(E76*(1+AD76/25)+IF(R76,2,0)+IF(T76,4,0),0)) -> 58 | AF76: =Q76-P76+1 -> 7 | AG76: =LEN(C76) -> 108 | AH76: =IF(D76="Legendary","boss-vault",IF(D76="Relic","secret-room",IF(D76="Cursed","curse-room",IF(AD76>12,"rare-chest","standard")))) -> standard | AI76: =OR(H76<0,I76<0,J76<0,K76<0,L76<0,M76<0,N76<0,O76<0) -> TRUE | AJ76: =IF(AND(P76<=Q76,AE76>=0,AF76>0),IF(OR(AD76>18,AND(D76="Common",AD76>10),AND(D76="Legendary",AE76<80)),"review: balance outlier",IF(AND(R76,T76,U76),"review: volatile physics",IF(COUNTIF(AA76,"*fire*")+COUNTIF(AA76,"*poison*")+COUNTIF(AA76,"*ice*")>=2,"review: multi-status synergy","ok"))),"invalid: level/price") -> ok | AK76: =not_a_formula_0075 | AM76: 46146 | AN76: =P76<=Q76 -> TRUE
A77: itm_00076 | B77: Clockwork Skull of Static | C77: A common charm that haunts hearts while lowering control. Generated test item #0076; element=None; pool=Treasure. | D77: Common | E77: 28 | F77: TRUE | G77: 916 | H77: 0 | I77: 2 | J77: 0 | K77: 0.7 | L77: 0.83 | M77: -0.07 | N77: 0 | O77: 0.48 | P77: 1 | Q77: 6 | R77: TRUE | S77: TRUE | T77: FALSE | U77: FALSE | V77: TRUE | W77: None | X77: Charm | Y77: Treasure | Z77: 2.757 | AA77: poisonable | AB77: scr_item_clockwork_skull_of_static | AC77: seed=20260703; class_filter=Any; parser_note=row_76 | AD77: =ROUND(ABS(H77)*8+ABS(I77)*1.5+ABS(J77)*3+ABS(K77)*2+ABS(L77)*2+ABS(M77)*2+ABS(N77)*2+ABS(O77)*2+IF(D77="Legendary",10,IF(D77="Relic",12,IF(D77="Epic",7,IF(D77="Rare",4,IF(D77="Uncommon",2,IF(D77="Cursed",5,1)))))),2) -> 8.16 | AE77: =MAX(0,ROUND(E77*(1+AD77/25)+IF(R77,2,0)+IF(T77,4,0),0)) -> 39 | AF77: =Q77-P77+1 -> 6 | AG77: =LEN(C77) -> 113 | AH77: =IF(D77="Legendary","boss-vault",IF(D77="Relic","secret-room",IF(D77="Cursed","curse-room",IF(AD77>12,"rare-chest","standard")))) -> standard | AI77: =OR(H77<0,I77<0,J77<0,K77<0,L77<0,M77<0,N77<0,O77<0) -> TRUE | AJ77: =IF(AND(P77<=Q77,AE77>=0,AF77>0),IF(OR(AD77>18,AND(D77="Common",AD77>10),AND(D77="Legendary",AE77<80)),"review: balance outlier",IF(AND(R77,T77,U77),"review: volatile physics",IF(COUNTIF(AA77,"*fire*")+COUNTIF(AA77,"*poison*")+COUNTIF(AA77,"*ice*")>=2,"review: multi-status synergy","ok"))),"invalid: level/price") -> ok | AK77: =not_a_formula_0076 | AM77: 46154 | AN77: =P77<=Q77 -> TRUE
A78: itm_00077 | B78: Mossy Badge of the Basement | C78: A common passive that haunts bullets but attracts trouble. Generated test item #0077; element=Slime; pool=Treasure. | D78: Common | E78: 24 | F78: TRUE | G78: 182 | H78: 0 | I78: 0 | J78: 0 | K78: 1.15 | L78: 0 | M78: 0 | N78: 0 | O78: -0.2 | P78: 7 | Q78: 10 | R78: TRUE | S78: TRUE | T78: FALSE | U78: TRUE | V78: TRUE | W78: Slime | X78: Passive | Y78: Treasure | Z78: 0.901 | AA78: slime,poisonable | AB78: scr_item_mossy_badge_of_the_basement | AC78: seed=20260703; class_filter=Any; parser_note=row_77 | AD78: =ROUND(ABS(H78)*8+ABS(I78)*1.5+ABS(J78)*3+ABS(K78)*2+ABS(L78)*2+ABS(M78)*2+ABS(N78)*2+ABS(O78)*2+IF(D78="Legendary",10,IF(D78="Relic",12,IF(D78="Epic",7,IF(D78="Rare",4,IF(D78="Uncommon",2,IF(D78="Cursed",5,1)))))),2) -> 3.7 | AE78: =MAX(0,ROUND(E78*(1+AD78/25)+IF(R78,2,0)+IF(T78,4,0),0)) -> 30 | AF78: =Q78-P78+1 -> 4 | AG78: =LEN(C78) -> 115 | AH78: =IF(D78="Legendary","boss-vault",IF(D78="Relic","secret-room",IF(D78="Cursed","curse-room",IF(AD78>12,"rare-chest","standard")))) -> standard | AI78: =OR(H78<0,I78<0,J78<0,K78<0,L78<0,M78<0,N78<0,O78<0) -> TRUE | AJ78: =IF(AND(P78<=Q78,AE78>=0,AF78>0),IF(OR(AD78>18,AND(D78="Common",AD78>10),AND(D78="Legendary",AE78<80)),"review: balance outlier",IF(AND(R78,T78,U78),"review: volatile physics",IF(COUNTIF(AA78,"*fire*")+COUNTIF(AA78,"*poison*")+COUNTIF(AA78,"*ice*")>=2,"review: multi-status synergy","ok"))),"invalid: level/price") -> ok | AK78: =not_a_formula_0077 | AM78: 46199 | AN78: =P78<=Q78 -> TRUE
A79: itm_00078 | B79: Damp Anvil of Friendly Fire | C79: A epic active that reroutes bombs when luck disagrees. Generated test item #0078; element=Cosmic; pool=Secret. | D79: Epic | E79: 91 | F79: TRUE | G79: 1056 | H79: 0.06 | I79: 1 | J79: 0 | K79: 0 | L79: 0 | M79: 0 | N79: -0.98 | O79: 0 | P79: 5 | Q79: 10 | R79: FALSE | S79: TRUE | T79: FALSE | U79: FALSE | V79: TRUE | W79: Cosmic | X79: Active | Y79: Secret | Z79: 1.304 | AA79: cosmic,poisonable | AB79: scr_item_damp_anvil_of_friendly_fire | AC79: seed=20260703; class_filter=Alchemist; parser_note=row_78 | AD79: =ROUND(ABS(H79)*8+ABS(I79)*1.5+ABS(J79)*3+ABS(K79)*2+ABS(L79)*2+ABS(M79)*2+ABS(N79)*2+ABS(O79)*2+IF(D79="Legendary",10,IF(D79="Relic",12,IF(D79="Epic",7,IF(D79="Rare",4,IF(D79="Uncommon",2,IF(D79="Cursed",5,1)))))),2) -> 10.94 | AE79: =MAX(0,ROUND(E79*(1+AD79/25)+IF(R79,2,0)+IF(T79,4,0),0)) -> 131 | AF79: =Q79-P79+1 -> 6 | AG79: =LEN(C79) -> 110 | AH79: =IF(D79="Legendary","boss-vault",IF(D79="Relic","secret-room",IF(D79="Cursed","curse-room",IF(AD79>12,"rare-chest","standard")))) -> standard | AI79: =OR(H79<0,I79<0,J79<0,K79<0,L79<0,M79<0,N79<0,O79<0) -> TRUE | AJ79: =IF(AND(P79<=Q79,AE79>=0,AF79>0),IF(OR(AD79>18,AND(D79="Common",AD79>10),AND(D79="Legendary",AE79<80)),"review: balance outlier",IF(AND(R79,T79,U79),"review: volatile physics",IF(COUNTIF(AA79,"*fire*")+COUNTIF(AA79,"*poison*")+COUNTIF(AA79,"*ice*")>=2,"review: multi-status synergy","ok"))),"invalid: level/price") -> ok | AK79: =not_a_formula_0078 | AM79: 46032 | AN79: =P79<=Q79 -> TRUE
A80: itm_00079 | B80: Frosted Anchor of Static | C80: A uncommon passive that duplicates coins while lowering control. Generated test item #0079; element=Lightning; pool=Treasure. | D80: Uncommon | E80: 40 | F80: TRUE | G80: 259 | H80: 0.69 | I80: -1 | J80: 0 | K80: 0 | L80: 0 | M80: 0 | N80: 3.07 | O80: 0 | P80: 1 | Q80: 6 | R80: FALSE | S80: TRUE | T80: TRUE | U80: TRUE | V80: TRUE | W80: Lightning | X80: Passive | Y80: Treasure | Z80: 1.57 | AA80: lightning,explosive,poisonable | AB80: scr_item_frosted_anchor_of_static | AC80: seed=20260703; class_filter=Rogue; parser_note=row_79 | AD80: =ROUND(ABS(H80)*8+ABS(I80)*1.5+ABS(J80)*3+ABS(K80)*2+ABS(L80)*2+ABS(M80)*2+ABS(N80)*2+ABS(O80)*2+IF(D80="Legendary",10,IF(D80="Relic",12,IF(D80="Epic",7,IF(D80="Rare",4,IF(D80="Uncommon",2,IF(D80="Cursed",5,1)))))),2) -> 15.16 | AE80: =MAX(0,ROUND(E80*(1+AD80/25)+IF(R80,2,0)+IF(T80,4,0),0)) -> 68 | AF80: =Q80-P80+1 -> 6 | AG80: =LEN(C80) -> 125 | AH80: =IF(D80="Legendary","boss-vault",IF(D80="Relic","secret-room",IF(D80="Cursed","curse-room",IF(AD80>12,"rare-chest","standard")))) -> rare-chest | AI80: =OR(H80<0,I80<0,J80<0,K80<0,L80<0,M80<0,N80<0,O80<0) -> TRUE | AJ80: =IF(AND(P80<=Q80,AE80>=0,AF80>0),IF(OR(AD80>18,AND(D80="Common",AD80>10),AND(D80="Legendary",AE80<80)),"review: balance outlier",IF(AND(R80,T80,U80),"review: volatile physics",IF(COUNTIF(AA80,"*fire*")+COUNTIF(AA80,"*poison*")+COUNTIF(AA80,"*ice*")>=2,"review: multi-status synergy","ok"))),"invalid: level/price") -> ok | AK80: =not_a_formula_0079 | AL80: upg_138 | AM80: 46033 | AN80: =P80<=Q80 -> TRUE
A81: itm_00080 | B81: Plastic Charm of Last Chances | C81: A rare active that taxes dodges only when the room is clear. Generated test item #0080; element=Holy; pool=Shop. | D81: Rare | E81: 47 | F81: TRUE | G81: 1139 | H81: 0.51 | I81: 1 | J81: 0 | K81: 0 | L81: 0 | M81: -0.03 | N81: -0.63 | O81: 0.14 | P81: 1 | Q81: 6 | R81: FALSE | S81: FALSE | T81: TRUE | U81: TRUE | V81: TRUE | W81: Holy | X81: Active | Y81: Shop | Z81: 3.081 | AA81: holy,explosive | AB81: scr_item_plastic_charm_of_last_chances | AC81: seed=20260703; class_filter=Monk; parser_note=row_80 | AD81: =ROUND(ABS(H81)*8+ABS(I81)*1.5+ABS(J81)*3+ABS(K81)*2+ABS(L81)*2+ABS(M81)*2+ABS(N81)*2+ABS(O81)*2+IF(D81="Legendary",10,IF(D81="Relic",12,IF(D81="Epic",7,IF(D81="Rare",4,IF(D81="Uncommon",2,IF(D81="Cursed",5,1)))))),2) -> 11.18 | AE81: =MAX(0,ROUND(E81*(1+AD81/25)+IF(R81,2,0)+IF(T81,4,0),0)) -> 72 | AF81: =Q81-P81+1 -> 6 | AG81: =LEN(C81) -> 112 | AH81: =IF(D81="Legendary","boss-vault",IF(D81="Relic","secret-room",IF(D81="Cursed","curse-room",IF(AD81>12,"rare-chest","standard")))) -> standard | AI81: =OR(H81<0,I81<0,J81<0,K81<0,L81<0,M81<0,N81<0,O81<0) -> TRUE | AJ81: =IF(AND(P81<=Q81,AE81>=0,AF81>0),IF(OR(AD81>18,AND(D81="Common",AD81>10),AND(D81="Legendary",AE81<80)),"review: balance outlier",IF(AND(R81,T81,U81),"review: volatile physics",IF(COUNTIF(AA81,"*fire*")+COUNTIF(AA81,"*poison*")+COUNTIF(AA81,"*ice*")>=2,"review: multi-status synergy","ok"))),"invalid: level/price") -> ok | AK81: =not_a_formula_0080 | AM81: 46147 | AN81: =P81<=Q81 -> TRUE
A82: itm_00081 | B82: Caffeinated Gear of Double Trouble | C82: A uncommon orbital that spoils dodges while lowering control. Generated test item #0081; element=None; pool=Treasure. | D82: Uncommon | E82: 36 | F82: TRUE | G82: 1205 | H82: -0.07 | I82: 0 | J82: 0.43 | K82: 1.17 | L82: 0 | M82: 0 | N82: 3.24 | O82: 0 | P82: 7 | Q82: 10 | R82: FALSE | S82: FALSE | T82: FALSE | U82: TRUE | V82: FALSE | W82: None | X82: Orbital | Y82: Treasure | Z82: 1.786 | AA82: companion | AB82: scr_item_caffeinated_gear_of_double_trouble | AC82: seed=20260703; class_filter=Any; parser_note=row_81 | AD82: =ROUND(ABS(H82)*8+ABS(I82)*1.5+ABS(J82)*3+ABS(K82)*2+ABS(L82)*2+ABS(M82)*2+ABS(N82)*2+ABS(O82)*2+IF(D82="Legendary",10,IF(D82="Relic",12,IF(D82="Epic",7,IF(D82="Rare",4,IF(D82="Uncommon",2,IF(D82="Cursed",5,1)))))),2) -> 12.67 | AE82: =MAX(0,ROUND(E82*(1+AD82/25)+IF(R82,2,0)+IF(T82,4,0),0)) -> 54 | AF82: =Q82-P82+1 -> 4 | AG82: =LEN(C82) -> 117 | AH82: =IF(D82="Legendary","boss-vault",IF(D82="Relic","secret-room",IF(D82="Cursed","curse-room",IF(AD82>12,"rare-chest","standard")))) -> rare-chest | AI82: =OR(H82<0,I82<0,J82<0,K82<0,L82<0,M82<0,N82<0,O82<0) -> TRUE | AJ82: =IF(AND(P82<=Q82,AE82>=0,AF82>0),IF(OR(AD82>18,AND(D82="Common",AD82>10),AND(D82="Legendary",AE82<80)),"review: balance outlier",IF(AND(R82,T82,U82),"review: volatile physics",IF(COUNTIF(AA82,"*fire*")+COUNTIF(AA82,"*poison*")+COUNTIF(AA82,"*ice*")>=2,"review: multi-status synergy","ok"))),"invalid: level/price") -> ok | AK82: =not_a_formula_0081 | AM82: 46033 | AN82: =P82<=Q82 -> TRUE
A83: itm_00082 | B83: Glass Marble of Soft Explosions | C83: A common passive that duplicates dodges after every third hit. Generated test item #0082; element=Fire; pool=Secret. | D83: Common | E83: 12 | F83: TRUE | G83: 1085 | H83: 0 | I83: 2 | J83: 0 | K83: 0 | L83: 0.64 | M83: 0.05 | N83: 0 | O83: 0 | P83: 3 | Q83: 3 | R83: FALSE | S83: FALSE | T83: TRUE | U83: FALSE | V83: TRUE | W83: Fire | X83: Passive | Y83: Secret | Z83: 1.671 | AA83: fire,explosive | AB83: scr_item_glass_marble_of_soft_explosions | AC83: seed=20260703; class_filter=Witch; parser_note=row_82 | AD83: =ROUND(ABS(H83)*8+ABS(I83)*1.5+ABS(J83)*3+ABS(K83)*2+ABS(L83)*2+ABS(M83)*2+ABS(N83)*2+ABS(O83)*2+IF(D83="Legendary",10,IF(D83="Relic",12,IF(D83="Epic",7,IF(D83="Rare",4,IF(D83="Uncommon",2,IF(D83="Cursed",5,1)))))),2) -> 5.38 | AE83: =MAX(0,ROUND(E83*(1+AD83/25)+IF(R83,2,0)+IF(T83,4,0),0)) -> 19 | AF83: =Q83-P83+1 -> 1 | AG83: =LEN(C83) -> 116 | AH83: =IF(D83="Legendary","boss-vault",IF(D83="Relic","secret-room",IF(D83="Cursed","curse-room",IF(AD83>12,"rare-chest","standard")))) -> standard | AI83: =OR(H83<0,I83<0,J83<0,K83<0,L83<0,M83<0,N83<0,O83<0) -> FALSE | AJ83: =IF(AND(P83<=Q83,AE83>=0,AF83>0),IF(OR(AD83>18,AND(D83="Common",AD83>10),AND(D83="Legendary",AE83<80)),"review: balance outlier",IF(AND(R83,T83,U83),"review: volatile physics",IF(COUNTIF(AA83,"*fire*")+COUNTIF(AA83,"*poison*")+COUNTIF(AA83,"*ice*")>=2,"review: multi-status synergy","ok"))),"invalid: level/price") -> ok | AK83: =not_a_formula_0082 | AM83: 46083 | AN83: =P83<=Q83 -> TRUE
A84: itm_00083 | B84: Radiant Meteor of Tiny Doom | C84: A rare charm that duplicates familiars when luck disagrees. Generated test item #0083; element=Fire; pool=Secret. | D84: Rare | E84: 51 | F84: TRUE | G84: 1153 | H84: 1.63 | I84: 0 | J84: 0.56 | K84: 1 | L84: 0 | M84: 0 | N84: 0 | O84: 0 | P84: 9 | Q84: 9 | R84: TRUE | S84: FALSE | T84: TRUE | U84: FALSE | V84: FALSE | W84: Fire | X84: Charm | Y84: Secret | Z84: 0.934 | AA84: fire,explosive | AB84: scr_item_radiant_meteor_of_tiny_doom | AC84: seed=20260703; class_filter=Engineer; parser_note=row_83 | AD84: =ROUND(ABS(H84)*8+ABS(I84)*1.5+ABS(J84)*3+ABS(K84)*2+ABS(L84)*2+ABS(M84)*2+ABS(N84)*2+ABS(O84)*2+IF(D84="Legendary",10,IF(D84="Relic",12,IF(D84="Epic",7,IF(D84="Rare",4,IF(D84="Uncommon",2,IF(D84="Cursed",5,1)))))),2) -> 20.72 | AE84: =MAX(0,ROUND(E84*(1+AD84/25)+IF(R84,2,0)+IF(T84,4,0),0)) -> 99 | AF84: =Q84-P84+1 -> 1 | AG84: =LEN(C84) -> 113 | AH84: =IF(D84="Legendary","boss-vault",IF(D84="Relic","secret-room",IF(D84="Cursed","curse-room",IF(AD84>12,"rare-chest","standard")))) -> rare-chest | AI84: =OR(H84<0,I84<0,J84<0,K84<0,L84<0,M84<0,N84<0,O84<0) -> FALSE | AJ84: =IF(AND(P84<=Q84,AE84>=0,AF84>0),IF(OR(AD84>18,AND(D84="Common",AD84>10),AND(D84="Legendary",AE84<80)),"review: balance outlier",IF(AND(R84,T84,U84),"review: volatile physics",IF(COUNTIF(AA84,"*fire*")+COUNTIF(AA84,"*poison*")+COUNTIF(AA84,"*ice*")>=2,"review: multi-status synergy","ok"))),"invalid: level/price") -> review: balance outlier | AK84: =not_a_formula_0083 | AM84: 46051 | AN84: =P84<=Q84 -> TRUE
A85: itm_00084 | B85: Polished Dice of Friendly Fire | C85: A cursed relic that warps reloads but attracts trouble. Generated test item #0084; element=None; pool=Boss. | D85: Cursed | E85: 38 | F85: TRUE | G85: 729 | H85: 0 | I85: 0 | J85: 0 | K85: 0 | L85: 0 | M85: 0 | N85: 0 | O85: 0 | P85: 4 | Q85: 7 | R85: FALSE | S85: FALSE | T85: FALSE | U85: TRUE | V85: FALSE | W85: None | X85: Relic | Y85: Boss | Z85: 0.662 | AA85: cursed | AB85: scr_item_polished_dice_of_friendly_fire | AC85: seed=20260703; class_filter=Gunner; parser_note=row_84 | AD85: =ROUND(ABS(H85)*8+ABS(I85)*1.5+ABS(J85)*3+ABS(K85)*2+ABS(L85)*2+ABS(M85)*2+ABS(N85)*2+ABS(O85)*2+IF(D85="Legendary",10,IF(D85="Relic",12,IF(D85="Epic",7,IF(D85="Rare",4,IF(D85="Uncommon",2,IF(D85="Cursed",5,1)))))),2) -> 5 | AE85: =MAX(0,ROUND(E85*(1+AD85/25)+IF(R85,2,0)+IF(T85,4,0),0)) -> 46 | AF85: =Q85-P85+1 -> 4 | AG85: =LEN(C85) -> 107 | AH85: =IF(D85="Legendary","boss-vault",IF(D85="Relic","secret-room",IF(D85="Cursed","curse-room",IF(AD85>12,"rare-chest","standard")))) -> curse-room | AI85: =OR(H85<0,I85<0,J85<0,K85<0,L85<0,M85<0,N85<0,O85<0) -> FALSE | AJ85: =IF(AND(P85<=Q85,AE85>=0,AF85>0),IF(OR(AD85>18,AND(D85="Common",AD85>10),AND(D85="Legendary",AE85<80)),"review: balance outlier",IF(AND(R85,T85,U85),"review: volatile physics",IF(COUNTIF(AA85,"*fire*")+COUNTIF(AA85,"*poison*")+COUNTIF(AA85,"*ice*")>=2,"review: multi-status synergy","ok"))),"invalid: level/price") -> ok | AK85: =not_a_formula_0084 | AM85: 46202 | AN85: =P85<=Q85 -> TRUE
A86: itm_00085 | B86: Spicy Feather of Last Chances | C86: A rare familiar that shrinks shops while lowering control. Generated test item #0085; element=None; pool=Arcade. | D86: Rare | E86: 58 | F86: TRUE | G86: 1541 | H86: 0 | I86: -1 | J86: 0 | K86: 0 | L86: 0.14 | M86: 0 | N86: 0 | O86: 0.17 | P86: 8 | Q86: 10 | R86: FALSE | S86: TRUE | T86: FALSE | U86: FALSE | V86: FALSE | W86: None | X86: Familiar | Y86: Arcade | Z86: 3.199 | AA86: poisonable,companion | AB86: scr_item_spicy_feather_of_last_chances | AC86: seed=20260703; class_filter=Rogue; parser_note=row_85 | AD86: =ROUND(ABS(H86)*8+ABS(I86)*1.5+ABS(J86)*3+ABS(K86)*2+ABS(L86)*2+ABS(M86)*2+ABS(N86)*2+ABS(O86)*2+IF(D86="Legendary",10,IF(D86="Relic",12,IF(D86="Epic",7,IF(D86="Rare",4,IF(D86="Uncommon",2,IF(D86="Cursed",5,1)))))),2) -> 6.12 | AE86: =MAX(0,ROUND(E86*(1+AD86/25)+IF(R86,2,0)+IF(T86,4,0),0)) -> 72 | AF86: =Q86-P86+1 -> 3 | AG86: =LEN(C86) -> 112 | AH86: =IF(D86="Legendary","boss-vault",IF(D86="Relic","secret-room",IF(D86="Cursed","curse-room",IF(AD86>12,"rare-chest","standard")))) -> standard | AI86: =OR(H86<0,I86<0,J86<0,K86<0,L86<0,M86<0,N86<0,O86<0) -> TRUE | AJ86: =IF(AND(P86<=Q86,AE86>=0,AF86>0),IF(OR(AD86>18,AND(D86="Common",AD86>10),AND(D86="Legendary",AE86<80)),"review: balance outlier",IF(AND(R86,T86,U86),"review: volatile physics",IF(COUNTIF(AA86,"*fire*")+COUNTIF(AA86,"*poison*")+COUNTIF(AA86,"*ice*")>=2,"review: multi-status synergy","ok"))),"invalid: level/price") -> ok | AK86: =not_a_formula_0085 | AM86: 46130 | AN86: =P86<=Q86 -> TRUE
A87: itm_00086 | B87: Haunted Teacup of Tiny Doom | C87: A rare familiar that polishes bullets near breakable props. Generated test item #0086; element=Ice; pool=Shop. | D87: Rare | E87: 33 | F87: TRUE | G87: 1552 | H87: 0.79 | I87: 2 | J87: 0.64 | K87: 0 | L87: 0 | M87: 0 | N87: 0 | O87: 0 | P87: 2 | Q87: 3 | R87: FALSE | S87: FALSE | T87: FALSE | U87: FALSE | V87: TRUE | W87: Ice | X87: Familiar | Y87: Shop | Z87: 2.016 | AA87: ice,companion | AB87: scr_item_haunted_teacup_of_tiny_doom | AC87: seed=20260703; class_filter=Witch; parser_note=row_86 | AD87: =ROUND(ABS(H87)*8+ABS(I87)*1.5+ABS(J87)*3+ABS(K87)*2+ABS(L87)*2+ABS(M87)*2+ABS(N87)*2+ABS(O87)*2+IF(D87="Legendary",10,IF(D87="Relic",12,IF(D87="Epic",7,IF(D87="Rare",4,IF(D87="Uncommon",2,IF(D87="Cursed",5,1)))))),2) -> 15.24 | AE87: =MAX(0,ROUND(E87*(1+AD87/25)+IF(R87,2,0)+IF(T87,4,0),0)) -> 53 | AF87: =Q87-P87+1 -> 2 | AG87: =LEN(C87) -> 110 | AH87: =IF(D87="Legendary","boss-vault",IF(D87="Relic","secret-room",IF(D87="Cursed","curse-room",IF(AD87>12,"rare-chest","standard")))) -> rare-chest | AI87: =OR(H87<0,I87<0,J87<0,K87<0,L87<0,M87<0,N87<0,O87<0) -> FALSE | AJ87: =IF(AND(P87<=Q87,AE87>=0,AF87>0),IF(OR(AD87>18,AND(D87="Common",AD87>10),AND(D87="Legendary",AE87<80)),"review: balance outlier",IF(AND(R87,T87,U87),"review: volatile physics",IF(COUNTIF(AA87,"*fire*")+COUNTIF(AA87,"*poison*")+COUNTIF(AA87,"*ice*")>=2,"review: multi-status synergy","ok"))),"invalid: level/price") -> ok | AK87: =not_a_formula_0086 | AM87: 46091 | AN87: =P87<=Q87 -> TRUE
A88: itm_00087 | B88: Solar Pepper of the Lost Cart | C88: A common charm that polishes bullets after every third hit. Generated test item #0087; element=None; pool=Shop. | D88: Common | E88: 35 | F88: TRUE | G88: 676 | H88: 1.25 | I88: 0 | J88: 0 | K88: 0 | L88: 0.75 | M88: 0.34 | N88: 0 | O88: 0 | P88: 2 | Q88: 10 | R88: TRUE | S88: FALSE | T88: FALSE | U88: FALSE | V88: FALSE | W88: None | X88: Charm | Y88: Shop | Z88: 2.503 | AA88: neutral | AB88: scr_item_solar_pepper_of_the_lost_cart | AC88: seed=20260703; class_filter=Gunner; parser_note=row_87 | AD88: =ROUND(ABS(H88)*8+ABS(I88)*1.5+ABS(J88)*3+ABS(K88)*2+ABS(L88)*2+ABS(M88)*2+ABS(N88)*2+ABS(O88)*2+IF(D88="Legendary",10,IF(D88="Relic",12,IF(D88="Epic",7,IF(D88="Rare",4,IF(D88="Uncommon",2,IF(D88="Cursed",5,1)))))),2) -> 13.18 | AE88: =MAX(0,ROUND(E88*(1+AD88/25)+IF(R88,2,0)+IF(T88,4,0),0)) -> 55 | AF88: =Q88-P88+1 -> 9 | AG88: =LEN(C88) -> 111 | AH88: =IF(D88="Legendary","boss-vault",IF(D88="Relic","secret-room",IF(D88="Cursed","curse-room",IF(AD88>12,"rare-chest","standard")))) -> rare-chest | AI88: =OR(H88<0,I88<0,J88<0,K88<0,L88<0,M88<0,N88<0,O88<0) -> FALSE | AJ88: =IF(AND(P88<=Q88,AE88>=0,AF88>0),IF(OR(AD88>18,AND(D88="Common",AD88>10),AND(D88="Legendary",AE88<80)),"review: balance outlier",IF(AND(R88,T88,U88),"review: volatile physics",IF(COUNTIF(AA88,"*fire*")+COUNTIF(AA88,"*poison*")+COUNTIF(AA88,"*ice*")>=2,"review: multi-status synergy","ok"))),"invalid: level/price") -> review: balance outlier | AK88: =not_a_formula_0087 | AM88: 46118 | AN88: =P88<=Q88 -> TRUE
A89: itm_00088 | B89: Mossy Donut of the Hungry Door | C89: A rare charm that warps bullets after every third hit. Generated test item #0088; element=Ice; pool=Arcade. | D89: Rare | E89: 61 | F89: TRUE | G89: 1204 | H89: 0 | I89: 2 | J89: 0 | K89: 0.7 | L89: -0.01 | M89: -0.15 | N89: 0 | O89: 0.02 | P89: 5 | Q89: 7 | R89: TRUE | S89: TRUE | T89: FALSE | U89: FALSE | V89: FALSE | W89: Ice | X89: Charm | Y89: Arcade | Z89: 2.808 | AA89: ice,poisonable | AB89: scr_item_mossy_donut_of_the_hungry_door | AC89: seed=20260703; class_filter=Alchemist; parser_note=row_88 | AD89: =ROUND(ABS(H89)*8+ABS(I89)*1.5+ABS(J89)*3+ABS(K89)*2+ABS(L89)*2+ABS(M89)*2+ABS(N89)*2+ABS(O89)*2+IF(D89="Legendary",10,IF(D89="Relic",12,IF(D89="Epic",7,IF(D89="Rare",4,IF(D89="Uncommon",2,IF(D89="Cursed",5,1)))))),2) -> 8.76 | AE89: =MAX(0,ROUND(E89*(1+AD89/25)+IF(R89,2,0)+IF(T89,4,0),0)) -> 84 | AF89: =Q89-P89+1 -> 3 | AG89: =LEN(C89) -> 107 | AH89: =IF(D89="Legendary","boss-vault",IF(D89="Relic","secret-room",IF(D89="Cursed","curse-room",IF(AD89>12,"rare-chest","standard")))) -> standard | AI89: =OR(H89<0,I89<0,J89<0,K89<0,L89<0,M89<0,N89<0,O89<0) -> TRUE | AJ89: =IF(AND(P89<=Q89,AE89>=0,AF89>0),IF(OR(AD89>18,AND(D89="Common",AD89>10),AND(D89="Legendary",AE89<80)),"review: balance outlier",IF(AND(R89,T89,U89),"review: volatile physics",IF(COUNTIF(AA89,"*fire*")+COUNTIF(AA89,"*poison*")+COUNTIF(AA89,"*ice*")>=2,"review: multi-status synergy","ok"))),"invalid: level/price") -> review: multi-status synergy | AK89: =not_a_formula_0088 | AL89: upg_344 | AM89: 46137 | AN89: =P89<=Q89 -> TRUE
A90: itm_00089 | B90: Sour Orb of Oversteer | C90: A rare consumable that taxes doors but attracts trouble. Generated test item #0089; element=Fire; pool=Boss. | D90: Rare | E90: 58 | F90: TRUE | G90: 1213 | H90: 0 | I90: 1 | J90: 0 | K90: 0 | L90: -0.02 | M90: 0 | N90: 1.39 | O90: 0 | P90: 8 | Q90: 10 | R90: TRUE | S90: FALSE | T90: TRUE | U90: FALSE | V90: TRUE | W90: Fire | X90: Consumable | Y90: Boss | Z90: 0.922 | AA90: fire,explosive | AB90: scr_item_sour_orb_of_oversteer | AC90: seed=20260703; class_filter=Brawler; parser_note=row_89 | AD90: =ROUND(ABS(H90)*8+ABS(I90)*1.5+ABS(J90)*3+ABS(K90)*2+ABS(L90)*2+ABS(M90)*2+ABS(N90)*2+ABS(O90)*2+IF(D90="Legendary",10,IF(D90="Relic",12,IF(D90="Epic",7,IF(D90="Rare",4,IF(D90="Uncommon",2,IF(D90="Cursed",5,1)))))),2) -> 8.32 | AE90: =MAX(0,ROUND(E90*(1+AD90/25)+IF(R90,2,0)+IF(T90,4,0),0)) -> 83 | AF90: =Q90-P90+1 -> 3 | AG90: =LEN(C90) -> 108 | AH90: =IF(D90="Legendary","boss-vault",IF(D90="Relic","secret-room",IF(D90="Cursed","curse-room",IF(AD90>12,"rare-chest","standard")))) -> standard | AI90: =OR(H90<0,I90<0,J90<0,K90<0,L90<0,M90<0,N90<0,O90<0) -> TRUE | AJ90: =IF(AND(P90<=Q90,AE90>=0,AF90>0),IF(OR(AD90>18,AND(D90="Common",AD90>10),AND(D90="Legendary",AE90<80)),"review: balance outlier",IF(AND(R90,T90,U90),"review: volatile physics",IF(COUNTIF(AA90,"*fire*")+COUNTIF(AA90,"*poison*")+COUNTIF(AA90,"*ice*")>=2,"review: multi-status synergy","ok"))),"invalid: level/price") -> ok | AK90: =not_a_formula_0089 | AL90: upg_252 | AM90: 46109 | AN90: =P90<=Q90 -> TRUE
A91: itm_00090 | B91: Patchwork Onion of Tuesday | C91: A rare familiar that duplicates bullets only when the room is clear. Generated test item #0090; element=None; pool=Shop. | D91: Rare | E91: 50 | F91: TRUE | G91: 1801 | H91: 0.32 | I91: 1 | J91: 0 | K91: 0 | L91: 0.15 | M91: -0.1 | N91: 0 | O91: 0.91 | P91: 7 | Q91: 7 | R91: TRUE | S91: TRUE | T91: FALSE | U91: TRUE | V91: TRUE | W91: None | X91: Familiar | Y91: Shop | Z91: 2.961 | AA91: poisonable,companion | AB91: scr_item_patchwork_onion_of_tuesday | AC91: seed=20260703; class_filter=Rogue; parser_note=row_90 | AD91: =ROUND(ABS(H91)*8+ABS(I91)*1.5+ABS(J91)*3+ABS(K91)*2+ABS(L91)*2+ABS(M91)*2+ABS(N91)*2+ABS(O91)*2+IF(D91="Legendary",10,IF(D91="Relic",12,IF(D91="Epic",7,IF(D91="Rare",4,IF(D91="Uncommon",2,IF(D91="Cursed",5,1)))))),2) -> 10.38 | AE91: =MAX(0,ROUND(E91*(1+AD91/25)+IF(R91,2,0)+IF(T91,4,0),0)) -> 73 | AF91: =Q91-P91+1 -> 1 | AG91: =LEN(C91) -> 120 | AH91: =IF(D91="Legendary","boss-vault",IF(D91="Relic","secret-room",IF(D91="Cursed","curse-room",IF(AD91>12,"rare-chest","standard")))) -> standard | AI91: =OR(H91<0,I91<0,J91<0,K91<0,L91<0,M91<0,N91<0,O91<0) -> TRUE | AJ91: =IF(AND(P91<=Q91,AE91>=0,AF91>0),IF(OR(AD91>18,AND(D91="Common",AD91>10),AND(D91="Legendary",AE91<80)),"review: balance outlier",IF(AND(R91,T91,U91),"review: volatile physics",IF(COUNTIF(AA91,"*fire*")+COUNTIF(AA91,"*poison*")+COUNTIF(AA91,"*ice*")>=2,"review: multi-status synergy","ok"))),"invalid: level/price") -> ok | AK91: =not_a_formula_0090 | AL91: upg_121 | AM91: 46162 | AN91: =P91<=Q91 -> TRUE
A92: itm_00091 | B92: Echoing Mask of Last Chances | C92: A common active that duplicates keys after every third hit. Generated test item #0091; element=Lightning; pool=Challenge. | D92: Common | E92: 11 | F92: TRUE | G92: 1394 | H92: 1.5 | I92: 0 | J92: 0.62 | K92: 0 | L92: -0.09 | M92: 0 | N92: 0 | O92: 0.01 | P92: 2 | Q92: 2 | R92: FALSE | S92: FALSE | T92: TRUE | U92: FALSE | V92: TRUE | W92: Lightning | X92: Active | Y92: Challenge | Z92: 3.137 | AA92: lightning,explosive | AB92: scr_item_echoing_mask_of_last_chances | AC92: seed=20260703; class_filter=Any; parser_note=row_91 | AD92: =ROUND(ABS(H92)*8+ABS(I92)*1.5+ABS(J92)*3+ABS(K92)*2+ABS(L92)*2+ABS(M92)*2+ABS(N92)*2+ABS(O92)*2+IF(D92="Legendary",10,IF(D92="Relic",12,IF(D92="Epic",7,IF(D92="Rare",4,IF(D92="Uncommon",2,IF(D92="Cursed",5,1)))))),2) -> 15.06 | AE92: =MAX(0,ROUND(E92*(1+AD92/25)+IF(R92,2,0)+IF(T92,4,0),0)) -> 22 | AF92: =Q92-P92+1 -> 1 | AG92: =LEN(C92) -> 121 | AH92: =IF(D92="Legendary","boss-vault",IF(D92="Relic","secret-room",IF(D92="Cursed","curse-room",IF(AD92>12,"rare-chest","standard")))) -> rare-chest | AI92: =OR(H92<0,I92<0,J92<0,K92<0,L92<0,M92<0,N92<0,O92<0) -> TRUE | AJ92: =IF(AND(P92<=Q92,AE92>=0,AF92>0),IF(OR(AD92>18,AND(D92="Common",AD92>10),AND(D92="Legendary",AE92<80)),"review: balance outlier",IF(AND(R92,T92,U92),"review: volatile physics",IF(COUNTIF(AA92,"*fire*")+COUNTIF(AA92,"*poison*")+COUNTIF(AA92,"*ice*")>=2,"review: multi-status synergy","ok"))),"invalid: level/price") -> review: balance outlier | AK92: =not_a_formula_0091 | AL92: upg_173 | AM92: 46162 | AN92: =P92<=Q92 -> TRUE
A93: itm_00092 | B93: Ancient Rocket of the Final Room | C93: A uncommon orbital that amplifies reloads when luck disagrees. Generated test item #0092; element=None; pool=Treasure. | D93: Uncommon | E93: 47 | F93: TRUE | G93: 838 | H93: 0 | I93: 0 | J93: 0 | K93: 0 | L93: 0 | M93: 0 | N93: 0 | O93: 0.26 | P93: 3 | Q93: 10 | R93: FALSE | S93: FALSE | T93: FALSE | U93: FALSE | V93: TRUE | W93: None | X93: Orbital | Y93: Treasure | Z93: 2.248 | AA93: companion | AB93: scr_item_ancient_rocket_of_the_final_room | AC93: seed=20260703; class_filter=Any; parser_note=row_92 | AD93: =ROUND(ABS(H93)*8+ABS(I93)*1.5+ABS(J93)*3+ABS(K93)*2+ABS(L93)*2+ABS(M93)*2+ABS(N93)*2+ABS(O93)*2+IF(D93="Legendary",10,IF(D93="Relic",12,IF(D93="Epic",7,IF(D93="Rare",4,IF(D93="Uncommon",2,IF(D93="Cursed",5,1)))))),2) -> 2.52 | AE93: =MAX(0,ROUND(E93*(1+AD93/25)+IF(R93,2,0)+IF(T93,4,0),0)) -> 52 | AF93: =Q93-P93+1 -> 8 | AG93: =LEN(C93) -> 118 | AH93: =IF(D93="Legendary","boss-vault",IF(D93="Relic","secret-room",IF(D93="Cursed","curse-room",IF(AD93>12,"rare-chest","standard")))) -> standard | AI93: =OR(H93<0,I93<0,J93<0,K93<0,L93<0,M93<0,N93<0,O93<0) -> FALSE | AJ93: =IF(AND(P93<=Q93,AE93>=0,AF93>0),IF(OR(AD93>18,AND(D93="Common",AD93>10),AND(D93="Legendary",AE93<80)),"review: balance outlier",IF(AND(R93,T93,U93),"review: volatile physics",IF(COUNTIF(AA93,"*fire*")+COUNTIF(AA93,"*poison*")+COUNTIF(AA93,"*ice*")>=2,"review: multi-status synergy","ok"))),"invalid: level/price") -> ok | AK93: =not_a_formula_0092 | AM93: 46057 | AN93: =P93<=Q93 -> TRUE
A94: itm_00093 | B94: Static Onion of Slippery Angles | C94: A epic relic that spoils shops but attracts trouble. Generated test item #0093; element=None; pool=Arcade. | D94: Epic | E94: 104 | F94: TRUE | G94: 141 | H94: 0.67 | I94: 0 | J94: 0 | K94: 0.07 | L94: -0.25 | M94: 0 | N94: 0 | O94: 0.01 | P94: 2 | Q94: 9 | R94: FALSE | S94: TRUE | T94: FALSE | U94: FALSE | V94: FALSE | W94: None | X94: Relic | Y94: Arcade | Z94: 0.242 | AA94: poisonable | AB94: scr_item_static_onion_of_slippery_angles | AC94: seed=20260703; class_filter=Rogue; parser_note=row_93 | AD94: =ROUND(ABS(H94)*8+ABS(I94)*1.5+ABS(J94)*3+ABS(K94)*2+ABS(L94)*2+ABS(M94)*2+ABS(N94)*2+ABS(O94)*2+IF(D94="Legendary",10,IF(D94="Relic",12,IF(D94="Epic",7,IF(D94="Rare",4,IF(D94="Uncommon",2,IF(D94="Cursed",5,1)))))),2) -> 13.02 | AE94: =MAX(0,ROUND(E94*(1+AD94/25)+IF(R94,2,0)+IF(T94,4,0),0)) -> 158 | AF94: =Q94-P94+1 -> 8 | AG94: =LEN(C94) -> 106 | AH94: =IF(D94="Legendary","boss-vault",IF(D94="Relic","secret-room",IF(D94="Cursed","curse-room",IF(AD94>12,"rare-chest","standard")))) -> rare-chest | AI94: =OR(H94<0,I94<0,J94<0,K94<0,L94<0,M94<0,N94<0,O94<0) -> TRUE | AJ94: =IF(AND(P94<=Q94,AE94>=0,AF94>0),IF(OR(AD94>18,AND(D94="Common",AD94>10),AND(D94="Legendary",AE94<80)),"review: balance outlier",IF(AND(R94,T94,U94),"review: volatile physics",IF(COUNTIF(AA94,"*fire*")+COUNTIF(AA94,"*poison*")+COUNTIF(AA94,"*ice*")>=2,"review: multi-status synergy","ok"))),"invalid: level/price") -> ok | AK94: =not_a_formula_0093 | AM94: 46202 | AN94: =P94<=Q94 -> TRUE
A95: itm_00094 | B95: Bitter Skull of Tiny Doom | C95: A common active that reroutes dodges only when the room is clear. Generated test item #0094; element=None; pool=Boss. | D95: Common | E95: 21 | F95: TRUE | G95: 1603 | H95: 1.04 | I95: 0 | J95: 0 | K95: 0 | L95: 0 | M95: 0 | N95: 0 | O95: 0 | P95: 6 | Q95: 9 | R95: FALSE | S95: TRUE | T95: FALSE | U95: FALSE | V95: TRUE | W95: None | X95: Active | Y95: Boss | Z95: 0.238 | AA95: poisonable | AB95: scr_item_bitter_skull_of_tiny_doom | AC95: seed=20260703; class_filter=Gunner; parser_note=row_94 | AD95: =ROUND(ABS(H95)*8+ABS(I95)*1.5+ABS(J95)*3+ABS(K95)*2+ABS(L95)*2+ABS(M95)*2+ABS(N95)*2+ABS(O95)*2+IF(D95="Legendary",10,IF(D95="Relic",12,IF(D95="Epic",7,IF(D95="Rare",4,IF(D95="Uncommon",2,IF(D95="Cursed",5,1)))))),2) -> 9.32 | AE95: =MAX(0,ROUND(E95*(1+AD95/25)+IF(R95,2,0)+IF(T95,4,0),0)) -> 29 | AF95: =Q95-P95+1 -> 4 | AG95: =LEN(C95) -> 117 | AH95: =IF(D95="Legendary","boss-vault",IF(D95="Relic","secret-room",IF(D95="Cursed","curse-room",IF(AD95>12,"rare-chest","standard")))) -> standard | AI95: =OR(H95<0,I95<0,J95<0,K95<0,L95<0,M95<0,N95<0,O95<0) -> FALSE | AJ95: =IF(AND(P95<=Q95,AE95>=0,AF95>0),IF(OR(AD95>18,AND(D95="Common",AD95>10),AND(D95="Legendary",AE95<80)),"review: balance outlier",IF(AND(R95,T95,U95),"review: volatile physics",IF(COUNTIF(AA95,"*fire*")+COUNTIF(AA95,"*poison*")+COUNTIF(AA95,"*ice*")>=2,"review: multi-status synergy","ok"))),"invalid: level/price") -> ok | AK95: =not_a_formula_0094 | AM95: 46038 | AN95: =P95<=Q95 -> TRUE
A96: itm_00095 | B96: Neon Mushroom of the Final Room | C96: A epic passive that polishes coins near breakable props. Generated test item #0095; element=Cosmic; pool=Boss. | D96: Epic | E96: 74 | F96: TRUE | G96: 234 | H96: 1.03 | I96: 0 | J96: 0.61 | K96: 0 | L96: 0.46 | M96: -0.15 | N96: 0 | O96: 0 | P96: 9 | Q96: 10 | R96: FALSE | S96: TRUE | T96: FALSE | U96: TRUE | V96: FALSE | W96: Cosmic | X96: Passive | Y96: Boss | Z96: 1.559 | AA96: cosmic,poisonable | AB96: scr_item_neon_mushroom_of_the_final_room | AC96: seed=20260703; class_filter=Witch; parser_note=row_95 | AD96: =ROUND(ABS(H96)*8+ABS(I96)*1.5+ABS(J96)*3+ABS(K96)*2+ABS(L96)*2+ABS(M96)*2+ABS(N96)*2+ABS(O96)*2+IF(D96="Legendary",10,IF(D96="Relic",12,IF(D96="Epic",7,IF(D96="Rare",4,IF(D96="Uncommon",2,IF(D96="Cursed",5,1)))))),2) -> 18.29 | AE96: =MAX(0,ROUND(E96*(1+AD96/25)+IF(R96,2,0)+IF(T96,4,0),0)) -> 128 | AF96: =Q96-P96+1 -> 2 | AG96: =LEN(C96) -> 110 | AH96: =IF(D96="Legendary","boss-vault",IF(D96="Relic","secret-room",IF(D96="Cursed","curse-room",IF(AD96>12,"rare-chest","standard")))) -> rare-chest | AI96: =OR(H96<0,I96<0,J96<0,K96<0,L96<0,M96<0,N96<0,O96<0) -> TRUE | AJ96: =IF(AND(P96<=Q96,AE96>=0,AF96>0),IF(OR(AD96>18,AND(D96="Common",AD96>10),AND(D96="Legendary",AE96<80)),"review: balance outlier",IF(AND(R96,T96,U96),"review: volatile physics",IF(COUNTIF(AA96,"*fire*")+COUNTIF(AA96,"*poison*")+COUNTIF(AA96,"*ice*")>=2,"review: multi-status synergy","ok"))),"invalid: level/price") -> review: balance outlier | AK96: =not_a_formula_0095 | AL96: upg_286 | AM96: 46075 | AN96: =P96<=Q96 -> TRUE
A97: itm_00096 | B97: Gilded Totem of Static | C97: A legendary active that amplifies doors if the player keeps moving. Generated test item #0096; element=Ice; pool=Arcade. | D97: Legendary | E97: 133 | F97: TRUE | G97: 1160 | H97: 0 | I97: 2 | J97: 0 | K97: 0 | L97: 0 | M97: 0 | N97: 0 | O97: 0 | P97: 7 | Q97: 9 | R97: FALSE | S97: FALSE | T97: FALSE | U97: FALSE | V97: TRUE | W97: Ice | X97: Active | Y97: Arcade | Z97: 0.167 | AA97: ice | AB97: scr_item_gilded_totem_of_static | AC97: seed=20260703; class_filter=Any; parser_note=row_96 | AD97: =ROUND(ABS(H97)*8+ABS(I97)*1.5+ABS(J97)*3+ABS(K97)*2+ABS(L97)*2+ABS(M97)*2+ABS(N97)*2+ABS(O97)*2+IF(D97="Legendary",10,IF(D97="Relic",12,IF(D97="Epic",7,IF(D97="Rare",4,IF(D97="Uncommon",2,IF(D97="Cursed",5,1)))))),2) -> 13 | AE97: =MAX(0,ROUND(E97*(1+AD97/25)+IF(R97,2,0)+IF(T97,4,0),0)) -> 202 | AF97: =Q97-P97+1 -> 3 | AG97: =LEN(C97) -> 120 | AH97: =IF(D97="Legendary","boss-vault",IF(D97="Relic","secret-room",IF(D97="Cursed","curse-room",IF(AD97>12,"rare-chest","standard")))) -> boss-vault | AI97: =OR(H97<0,I97<0,J97<0,K97<0,L97<0,M97<0,N97<0,O97<0) -> FALSE | AJ97: =IF(AND(P97<=Q97,AE97>=0,AF97>0),IF(OR(AD97>18,AND(D97="Common",AD97>10),AND(D97="Legendary",AE97<80)),"review: balance outlier",IF(AND(R97,T97,U97),"review: volatile physics",IF(COUNTIF(AA97,"*fire*")+COUNTIF(AA97,"*poison*")+COUNTIF(AA97,"*ice*")>=2,"review: multi-status synergy","ok"))),"invalid: level/price") -> ok | AK97: =not_a_formula_0096 | AM97: 46084 | AN97: =P97<=Q97 -> TRUE
A98: itm_00097 | B98: Plastic Meteor of the Basement | C98: A common relic that nudges hearts after every third hit. Generated test item #0097; element=Ice; pool=Shop. | D98: Common | E98: 21 | F98: TRUE | G98: 79 | H98: 0 | I98: 0 | J98: 0 | K98: 0 | L98: 0.59 | M98: 0 | N98: 2.43 | O98: 0 | P98: 4 | Q98: 7 | R98: FALSE | S98: FALSE | T98: FALSE | U98: FALSE | V98: FALSE | W98: Ice | X98: Relic | Y98: Shop | Z98: 2.759 | AA98: ice | AB98: scr_item_plastic_meteor_of_the_basement | AC98: seed=20260703; class_filter=Monk; parser_note=row_97 | AD98: =ROUND(ABS(H98)*8+ABS(I98)*1.5+ABS(J98)*3+ABS(K98)*2+ABS(L98)*2+ABS(M98)*2+ABS(N98)*2+ABS(O98)*2+IF(D98="Legendary",10,IF(D98="Relic",12,IF(D98="Epic",7,IF(D98="Rare",4,IF(D98="Uncommon",2,IF(D98="Cursed",5,1)))))),2) -> 7.04 | AE98: =MAX(0,ROUND(E98*(1+AD98/25)+IF(R98,2,0)+IF(T98,4,0),0)) -> 27 | AF98: =Q98-P98+1 -> 4 | AG98: =LEN(C98) -> 107 | AH98: =IF(D98="Legendary","boss-vault",IF(D98="Relic","secret-room",IF(D98="Cursed","curse-room",IF(AD98>12,"rare-chest","standard")))) -> standard | AI98: =OR(H98<0,I98<0,J98<0,K98<0,L98<0,M98<0,N98<0,O98<0) -> FALSE | AJ98: =IF(AND(P98<=Q98,AE98>=0,AF98>0),IF(OR(AD98>18,AND(D98="Common",AD98>10),AND(D98="Legendary",AE98<80)),"review: balance outlier",IF(AND(R98,T98,U98),"review: volatile physics",IF(COUNTIF(AA98,"*fire*")+COUNTIF(AA98,"*poison*")+COUNTIF(AA98,"*ice*")>=2,"review: multi-status synergy","ok"))),"invalid: level/price") -> ok | AK98: =not_a_formula_0097 | AL98: upg_036 | AM98: 46030 | AN98: =P98<=Q98 -> TRUE
A99: itm_00098 | B99: Ancient Key of Friendly Fire | C99: A uncommon consumable that haunts bullets near breakable props. Generated test item #0098; element=Void; pool=Treasure. | D99: Uncommon | E99: 45 | F99: TRUE | G99: 154 | H99: 0 | I99: 0 | J99: 0.21 | K99: 0.63 | L99: 0 | M99: 0.45 | N99: 3.94 | O99: 0 | P99: 1 | Q99: 9 | R99: TRUE | S99: FALSE | T99: FALSE | U99: FALSE | V99: TRUE | W99: Void | X99: Consumable | Y99: Treasure | Z99: 0.633 | AA99: void | AB99: scr_item_ancient_key_of_friendly_fire | AC99: seed=20260703; class_filter=Alchemist; parser_note=row_98 | AD99: =ROUND(ABS(H99)*8+ABS(I99)*1.5+ABS(J99)*3+ABS(K99)*2+ABS(L99)*2+ABS(M99)*2+ABS(N99)*2+ABS(O99)*2+IF(D99="Legendary",10,IF(D99="Relic",12,IF(D99="Epic",7,IF(D99="Rare",4,IF(D99="Uncommon",2,IF(D99="Cursed",5,1)))))),2) -> 12.67 | AE99: =MAX(0,ROUND(E99*(1+AD99/25)+IF(R99,2,0)+IF(T99,4,0),0)) -> 70 | AF99: =Q99-P99+1 -> 9 | AG99: =LEN(C99) -> 119 | AH99: =IF(D99="Legendary","boss-vault",IF(D99="Relic","secret-room",IF(D99="Cursed","curse-room",IF(AD99>12,"rare-chest","standard")))) -> rare-chest | AI99: =OR(H99<0,I99<0,J99<0,K99<0,L99<0,M99<0,N99<0,O99<0) -> FALSE | AJ99: =IF(AND(P99<=Q99,AE99>=0,AF99>0),IF(OR(AD99>18,AND(D99="Common",AD99>10),AND(D99="Legendary",AE99<80)),"review: balance outlier",IF(AND(R99,T99,U99),"review: volatile physics",IF(COUNTIF(AA99,"*fire*")+COUNTIF(AA99,"*poison*")+COUNTIF(AA99,"*ice*")>=2,"review: multi-status synergy","ok"))),"invalid: level/price") -> ok | AK99: =not_a_formula_0098 | AM99: 46162 | AN99: =P99<=Q99 -> TRUE
A100: itm_00099 | B100: Crooked Marble of Slippery Angles | C100: A common familiar that nudges familiars but attracts trouble. Generated test item #0099; element=Lightning; pool=Treasure. | D100: Common | E100: 30 | F100: FALSE | G100: 1703 | H100: 0 | I100: -1 | J100: 0 | K100: 0 | L100: 0 | M100: 0 | N100: 0 | O100: 0 | P100: 1 | Q100: 7 | R100: FALSE | S100: TRUE | T100: TRUE | U100: TRUE | V100: TRUE | W100: Lightning | X100: Familiar | Y100: Treasure | Z100: 0.239 | AA100: lightning,explosive,poisonable,companion | AB100: scr_item_crooked_marble_of_slippery_angles | AC100: seed=20260703; class_filter=Monk; parser_note=row_99 | AD100: =ROUND(ABS(H100)*8+ABS(I100)*1.5+ABS(J100)*3+ABS(K100)*2+ABS(L100)*2+ABS(M100)*2+ABS(N100)*2+ABS(O100)*2+IF(D100="Legendary",10,IF(D100="Relic",12,IF(D100="Epic",7,IF(D100="Rare",4,IF(D100="Uncommon",2,IF(D100="Cursed",5,1)))))),2) -> 2.5 | AE100: =MAX(0,ROUND(E100*(1+AD100/25)+IF(R100,2,0)+IF(T100,4,0),0)) -> 37 | AF100: =Q100-P100+1 -> 7 | AG100: =LEN(C100) -> 122 | AH100: =IF(D100="Legendary","boss-vault",IF(D100="Relic","secret-room",IF(D100="Cursed","curse-room",IF(AD100>12,"rare-chest","standard")))) -> standard | AI100: =OR(H100<0,I100<0,J100<0,K100<0,L100<0,M100<0,N100<0,O100<0) -> TRUE | AJ100: =IF(AND(P100<=Q100,AE100>=0,AF100>0),IF(OR(AD100>18,AND(D100="Common",AD100>10),AND(D100="Legendary",AE100<80)),"review: balance outlier",IF(AND(R100,T100,U100),"review: volatile physics",IF(COUNTIF(AA100,"*fire*")+COUNTIF(AA100,"*poison*")+COUNTIF(AA100,"*ice*")>=2,"review: multi-status synergy","ok"))),"invalid: level/price") -> ok | AK100: =not_a_formula_0099 | AL100: upg_040 | AM100: 46061 | AN100: =P100<=Q100 -> TRUE
...

Sheet CellTypeFixtures
A1: Cell type fixtures for XLSX parser tests
A3: Merged label cell
A4: Feature | B4: Value | C4: Parser expectation | D4: Notes
A5: Number | B5: 123.456 | C5: <c t="n"><v>...</v></c> | D5: Numeric scalar
A6: Boolean | B6: TRUE | C6: <c t="b"><v>1</v></c> | D6: Boolean scalar
A7: Shared string | B7: SHARED: Copper Key | C7: <c t="s"><v>...</v></c> | D7: Uses xl/sharedStrings.xml
A8: Inline string | B8: INLINE: Moonlit Room with inlineStr payload | C8: <c t="inlineStr"><is><t>...</t></is></c> | D8: No <v> child
A9: Normal formula | B9: =B5*2 -> 246.912 | C9: <f>...</f><v>...</v> | D9: Formula returns number
A10: String formula | B10: ="bucket-"&B7 -> bucket-SHARED: Copper Key | C10: <c t="str"><f>...</f><v>...</v></c> | D10: Formula returns text
A11: Long formula | B11: =IF(AND(B5>100,B6=TRUE),IF(OR(B5>500,NOT(B6)),"extreme",IF(B5>200,"large","medium")),"small") -> medium | C11: nested IF/AND/OR formula | D11: Formula returns a bucket string
A12: Shared formula seed | B12: =ROW()+1 -> 13 | C12: <f t="shared" si="0" ref="B12:B16">...</f> | D12: Seed of shared formula range
A13: Shared formula follower | B13: =ROW()+1 -> 14 | C13: <f t="shared" si="0"/> | D13: Follower of shared formula range
A14: Shared formula follower | B14: =ROW()+1 -> 15 | C14: <f t="shared" si="0"/> | D14: Follower of shared formula range
A15: Shared formula follower | B15: =ROW()+1 -> 16 | C15: <f t="shared" si="0"/> | D15: Follower of shared formula range
A16: Shared formula follower | B16: =ROW()+1 -> 17 | C16: <f t="shared" si="0"/> | D16: Follower of shared formula range
A17: Intentionally blank value cell | C17: empty / absent value | D17: Blank should not crash parser
A18: Date | B18: 46206 | C18: date serial with date style | D18: Excel date stored as number

Sheet Lists
A1: rarity | B1: element_affinity | C1: item_category | D1: spawn_pool | E1: character_filter_examples
A2: Common | B2: None | C2: Passive | D2: Treasure | E2: Any
A3: Uncommon | B3: Fire | C3: Active | D3: Shop | E3: Gunner
A4: Rare | B4: Ice | C4: Familiar | D4: Boss | E4: Alchemist
A5: Epic | B5: Poison | C5: Relic | D5: Secret | E5: Monk
A6: Legendary | B6: Lightning | C6: WeaponMod | D6: Challenge | E6: Rogue
A7: Cursed | B7: Void | C7: Charm | D7: Cursed | E7: Engineer
A8: Relic | B8: Holy | C8: Consumable | D8: Arcade | E8: Witch
B9: Rust | C9: Orbital | D9: Library | E9: Brawler
B10: Slime
B11: Cosmic
